<TICKER>,<DTYYYYMMDD>,<OPEN>,<HIGH>,<LOW>,<CLOSE>,<VOL>
1DIV,20190108,11.06,11.1,11.05,11.1,27000
BMSCG,20190108,7.67,7.67,7.61,7.66,2500
BMSCITH,20190108,12.13,12.13,12.07,12.11,236100
BSET100,20190108,10.18,10.18,10.13,10.18,102000
CHINA,20190108,4.6,4.61,4.59,4.61,4100
EFOOD,20190108,5.29,5.29,5.29,5.29,1000
ENGY,20190108,6,6.09,6,6.09,3300
ESET50,20190108,5.58,5.58,5.58,5.58,100
GLD,20190108,1.76,1.77,1.74,1.74,101500
TDEX,20190108,10.62,10.62,10.58,10.59,38500
TGOLDETF,20190108,3.83,3.83,3.83,3.83,6200
2S,20190108,2.3,2.34,2.3,2.3,15900
7UP,20190108,0.42,0.42,0.41,0.42,937500
A,20190108,6.65,6.65,6.65,6.65,22000
AAV,20190108,4.02,4.06,4,4.02,3973700
ABICO,20190108,4.24,4.28,4.2,4.22,74800
ABM,20190108,0.87,0.94,0.87,0.88,502000
ABPIF,20190108,6.3,6.35,6.25,6.3,188600
ACAP,20190108,2.7,2.8,2.7,2.76,3080700
ACC,20190108,0.49,0.5,0.49,0.5,139300
ADB,20190108,0.82,0.85,0.82,0.84,113500
ADVANC,20190108,177,178,176.5,177.5,2416100
AEC,20190108,0.47,0.5,0.47,0.49,6500
AEONTS,20190108,187,187,186,187,45900
AF,20190108,0.62,0.62,0.62,0.62,4900
AGE,20190108,0.92,0.92,0.91,0.91,253800
AH,20190108,19,19.4,18.9,19.3,1116700
AHC,20190108,17.8,17.8,17.6,17.6,7300
AIMIRT,20190108,10.3,10.3,10.3,10.3,24500
AIRA,20190108,1.5,1.5,1.5,1.5,500
AIT,20190108,19.8,19.9,19.8,19.9,43700
AJ,20190108,8.1,8.25,8.1,8.25,25500
AJA,20190108,0.15,0.16,0.13,0.14,56722200
AKP,20190108,1.95,1.95,1.89,1.91,178400
AKR,20190108,0.81,0.82,0.8,0.81,323700
ALLA,20190108,1.35,1.39,1.34,1.35,480600
ALT,20190108,2.9,2.98,2.9,2.98,274800
AMA,20190108,4.68,4.7,4.6,4.7,65500
AMANAH,20190108,1.71,1.71,1.62,1.69,18917700
AMARIN,20190108,5,5.05,4.98,5.05,197700
AMATA,20190108,22.1,22.1,21.8,22.1,8835200
AMATAR,20190108,10.9,10.9,10.8,10.9,15000
AMATAV,20190108,4.44,4.5,4.44,4.5,83100
AMC,20190108,1.8,1.82,1.8,1.82,4500
ANAN,20190108,3.18,3.22,3.12,3.16,6843000
AOT,20190108,64.5,65.25,64.25,64.75,21696800
AP,20190108,6.3,6.4,6.25,6.35,11095600
APCO,20190108,4.08,4.12,4.08,4.08,42800
APCS,20190108,4.6,4.8,4.58,4.78,33300
APEX,20190108,0.2,0.2,0.19,0.2,1317800
APURE,20190108,1.26,1.26,1.23,1.25,189000
AQ,20190108,0.02,0.03,0.02,0.03,7800200
AQUA,20190108,0.4,0.4,0.39,0.4,1237200
ARIP,20190108,0.4,0.44,0.4,0.41,417200
ARROW,20190108,7.9,7.9,7.85,7.85,2800
AS,20190108,0.81,0.81,0.79,0.79,1800
ASAP,20190108,3.5,3.5,3.4,3.4,2735300
ASEFA,20190108,4.74,4.78,4.72,4.76,65300
ASIA,20190108,6.7,6.75,6.65,6.65,10900
ASIAN,20190108,7.3,7.7,7.3,7.6,21479500
ASIMAR,20190108,1.88,1.9,1.86,1.9,180000
ASK,20190108,23.7,23.8,23.7,23.8,32900
ASN,20190108,3.62,3.62,3.56,3.56,600
ASP,20190108,3.14,3.16,3.14,3.16,414300
ATP30,20190108,1.52,1.52,1.5,1.51,116400
AU,20190108,6.95,7.05,6.95,6.95,800500
AUCT,20190108,5.25,5.3,5.2,5.2,301900
AYUD,20190108,40.5,40.5,40.5,40.5,2700
B,20190108,0.4,0.4,0.39,0.4,115000
B-WORK,20190108,10.8,10.8,10.8,10.8,11000
BA,20190108,12,12,11.8,11.8,976400
BAFS,20190108,33,33,32.75,32.75,61700
BANPU,20190108,16.5,16.5,16.2,16.3,20771500
BAY,20190108,37.5,37.75,37.5,37.75,110500
BBL,20190108,207,208,206,207,1214600
BCH,20190108,16.4,16.5,16.2,16.4,12801000
BCP,20190108,33,33.25,32.5,32.75,1018500
BCPG,20190108,16.2,16.2,15.9,16.1,6703900
BCT,20190108,44.75,44.75,44,44.5,9700
BDMS,20190108,25,25.25,24.4,24.7,48434800
BEAUTY,20190108,7.35,7.4,7.05,7.1,102575200
BEC,20190108,4.8,4.88,4.76,4.88,5419000
BEM,20190108,9.85,9.95,9.8,9.85,49369600
BFIT,20190108,18,18.2,17.5,18.1,84400
BGC,20190108,10.3,10.4,10.2,10.2,830700
BGRIM,20190108,28.25,28.75,28,28.5,8136400
BGT,20190108,1.03,1.1,1.01,1.04,47100
BH,20190108,191.5,193.5,190.5,192.5,1390100
BIG,20190108,1.22,1.24,1.21,1.23,2360100
BIZ,20190108,2.24,2.32,2.24,2.3,318900
BJC,20190108,48.25,48.75,48,48.25,5404200
BJCHI,20190108,1.95,1.95,1.88,1.88,387600
BKD,20190108,3.08,3.08,3.08,3.08,11300
BKI,20190108,329,330,329,330,8000
BKKCP,20190108,12.3,12.4,12.3,12.4,30200
BLA,20190108,27.25,27.75,27,27.75,317500
BLAND,20190108,1.57,1.57,1.55,1.55,8322600
BM,20190108,2.94,2.94,2.94,2.94,29100
BOFFICE,20190108,12.7,12.9,12.7,12.9,285000
BOL,20190108,2.04,2.04,2,2,57300
BPP,20190108,22.4,22.4,22.1,22.3,1630800
BR,20190108,3.96,3.98,3.96,3.98,153400
BROOK,20190108,0.43,0.43,0.42,0.43,432900
BRR,20190108,5.8,5.85,5.75,5.8,174700
BRRGIF,20190108,9.95,10,9.9,10,9200
BSBM,20190108,0.94,0.94,0.93,0.93,4400
BSM,20190108,0.51,0.51,0.5,0.5,188200
BTS,20190108,9.55,9.55,9.45,9.5,12684300
BTSGIF,20190108,11.7,11.8,11.7,11.8,2515900
BTW,20190108,1.32,1.32,1.27,1.31,29500
BWG,20190108,1.04,1.06,1.04,1.06,24549100
CBG,20190108,34,34,33,33.5,1110800
CCET,20190108,1.73,1.73,1.71,1.72,574800
CCP,20190108,0.33,0.33,0.32,0.33,64100
CEN,20190108,1.05,1.06,1.04,1.05,111100
CENTEL,20190108,39.5,40.25,39.5,39.75,1522200
CFRESH,20190108,4,4,4,4,400
CGD,20190108,1.3,1.31,1.29,1.3,516700
CGH,20190108,0.97,0.97,0.93,0.93,524400
CHARAN,20190108,32,32,32,32,1400
CHAYO,20190108,3.64,3.7,3.62,3.7,939600
CHEWA,20190108,1.08,1.1,1.07,1.08,3459000
CHG,20190108,1.96,1.97,1.91,1.91,20151000
CHO,20190108,1.37,1.37,1.34,1.35,451800
CHOW,20190108,4.02,4.06,4,4.06,32000
CI,20190108,1.22,1.22,1.22,1.22,49800
CIG,20190108,0.3,0.32,0.29,0.3,696900
CIMBT,20190108,0.78,0.79,0.76,0.78,808000
CK,20190108,25.75,25.75,25.25,25.25,1959900
CKP,20190108,5.05,5.05,5,5,13049200
CM,20190108,3.98,3.98,3.94,3.96,39700
CMAN,20190108,2.5,2.52,2.5,2.52,185600
CMC,20190108,1.49,1.56,1.49,1.55,11172600
CMO,20190108,1.24,1.24,1.23,1.23,11600
CMR,20190108,2.44,2.48,2.44,2.46,68500
CNS,20190108,2.2,2.2,2.2,2.2,500
CNT,20190108,1.96,1.96,1.94,1.95,14900
COL,20190108,21.8,22,21.7,21.9,116500
COLOR,20190108,1.28,1.31,1.28,1.3,41300
COM7,20190108,13.5,14.3,13.3,13.7,26323500
COMAN,20190108,3.18,3.2,3.1,3.12,209200
COTTO,20190108,2.02,2.04,2,2.02,239100
CPALL,20190108,73,73,72.25,72.5,45240900
CPF,20190108,25.25,25.5,25,25.5,16740600
CPH,20190108,6.45,6.45,6.45,6.45,100
CPI,20190108,1.47,1.52,1.47,1.49,23300
CPL,20190108,2.86,2.86,2.86,2.86,100
CPN,20190108,75.25,75.75,74.5,75.25,4830100
CPNCG,20190108,15.6,15.6,15.6,15.6,74900
CPNREIT,20190108,26.5,26.75,26.5,26.75,921000
CPR,20190108,5.25,5.3,5.25,5.25,10300
CPT,20190108,0.8,0.83,0.77,0.79,43453500
CPTGF,20190108,12.9,12.9,12.9,12.9,117000
CRANE,20190108,1.98,1.98,1.96,1.98,206400
CRD,20190108,0.94,0.98,0.94,0.96,70400
CRYSTAL,20190108,9.8,9.8,9.8,9.8,52000
CSC,20190108,41,42,41,41.5,1900
CSP,20190108,1.1,1.1,1.1,1.1,500
CSS,20190108,1.88,1.89,1.87,1.89,358200
CTARAF,20190108,4.66,4.7,4.66,4.7,800
CTW,20190108,8.1,8.1,8,8.05,8200
CWT,20190108,2.76,2.76,2.68,2.7,377000
D,20190108,9.2,9.2,9.05,9.1,29700
DCC,20190108,2.02,2.04,2,2.02,829800
DCON,20190108,0.5,0.5,0.49,0.5,673800
DCORP,20190108,0.83,0.95,0.78,0.85,76316300
DDD,20190108,19.3,19.4,18.5,19,3034600
DELTA,20190108,68.75,69,68.75,68.75,419100
DEMCO,20190108,3,3.02,2.96,2.96,232500
DIF,20190108,14.6,14.6,14.5,14.5,3854800
DIGI,20190108,0.2,0.21,0.19,0.2,519700
DIMET,20190108,0.88,0.91,0.86,0.88,648600
DNA,20190108,0.38,0.38,0.36,0.37,4771300
DOD,20190108,13.1,13.2,13.1,13.2,258100
DREIT,20190108,5.1,5.1,5.05,5.05,12400
DRT,20190108,5.35,5.4,5.35,5.4,152200
DTAC,20190108,45,46,44.75,46,8637800
DTC,20190108,9.8,9.95,9.8,9.95,14700
EA,20190108,45,45.75,44.75,45.25,11499600
EASON,20190108,2.14,2.18,2.14,2.14,83600
EASTW,20190108,10.8,10.8,10.7,10.8,80000
ECF,20190108,2.28,2.36,2.22,2.32,6546800
ECL,20190108,1.69,1.73,1.68,1.72,2489900
EE,20190108,0.6,0.64,0.6,0.62,14570100
EFORL,20190108,0.05,0.06,0.05,0.06,3181700
EGATIF,20190108,11.3,11.3,11.2,11.3,4129500
EGCO,20190108,247,249,246,247,431800
EIC,20190108,0.05,0.05,0.04,0.04,521300
EKH,20190108,5.65,5.65,5.6,5.65,83200
EMC,20190108,0.27,0.27,0.26,0.27,1657300
EPCO,20190108,2.6,2.74,2.6,2.72,3366000
EPG,20190108,6.7,6.7,6.6,6.65,3464500
ERW,20190108,6.7,6.9,6.65,6.8,3500000
ERWPF,20190108,5.2,5.35,5.2,5.35,13400
ESSO,20190108,11.2,11.4,11,11.2,13134800
ESTAR,20190108,0.52,0.53,0.52,0.53,288000
ETE,20190108,0.96,0.96,0.93,0.94,388300
EVER,20190108,0.54,0.55,0.53,0.54,18788100
FANCY,20190108,0.78,0.82,0.74,0.77,4956500
FC,20190108,0.37,0.37,0.36,0.36,107500
FLOYD,20190108,1.81,1.81,1.76,1.76,365400
FMT,20190108,25,25,25,25,400
FN,20190108,1.42,1.58,1.37,1.47,3312300
FNS,20190108,3.6,3.6,3.6,3.6,300
FOCUS,20190108,1.54,1.59,1.54,1.57,41300
FORTH,20190108,5.95,5.95,5.9,5.95,4400
FPI,20190108,1.81,1.82,1.81,1.82,43000
FSMART,20190108,5.95,6.15,5.9,6,1522300
FSS,20190108,1.84,1.84,1.83,1.84,8200
FTE,20190108,2.06,2.08,2.06,2.08,73000
FUTUREPF,20190108,22.6,22.8,22.6,22.8,117700
FVC,20190108,0.7,0.73,0.68,0.71,851100
GBX,20190108,0.54,0.54,0.54,0.54,99900
GC,20190108,5.05,5.05,5,5.05,3400
GCAP,20190108,2.4,2.44,2.38,2.4,141700
GEL,20190108,0.29,0.29,0.29,0.29,405100
GENCO,20190108,0.74,0.75,0.74,0.75,402500
GFPT,20190108,12.4,13,12.3,12.9,4885500
GGC,20190108,10.1,10.2,10.1,10.1,494100
GIFT,20190108,3.7,3.82,3.7,3.72,41200
GJS,20190108,0.13,0.14,0.12,0.13,19291500
GL,20190108,5.8,7.2,5.8,7.2,40474400
GLAND,20190108,3.02,3.02,2.8,2.86,4848500
GLOBAL,20190108,17.7,17.9,16.9,17.6,32716500
GLOW,20190108,88.25,88.5,88,88.25,927500
GOLD,20190108,6.8,6.8,6.65,6.75,3804000
GPI,20190108,2.2,2.2,2.18,2.2,58800
GPSC,20190108,58.25,58.25,57,57.5,2500500
GRAMMY,20190108,5.8,5.8,5.8,5.8,1100
GRAND,20190108,0.84,0.87,0.84,0.84,1860900
GREEN,20190108,1.07,1.1,1.07,1.08,707600
GTB,20190108,0.57,0.57,0.54,0.56,138000
GULF,20190108,84,86.75,83.25,86,17837500
GUNKUL,20190108,3,3.02,2.94,2.96,9958000
GVREIT,20190108,14.6,14.6,14.6,14.6,286700
HANA,20190108,30.75,31.5,30.5,30.75,4346500
HARN,20190108,2.48,2.5,2.44,2.5,161100
HFT,20190108,2.94,2.94,2.9,2.92,110200
HMPRO,20190108,15,15.1,14.7,14.9,31410200
HPF,20190108,5.15,5.2,5.15,5.2,13500
HPT,20190108,0.81,0.88,0.8,0.83,599400
HREIT,20190108,6.75,6.75,6.75,6.75,97500
HTC,20190108,13.9,13.9,13.7,13.8,83900
HTECH,20190108,5.1,5.15,5.1,5.1,260100
HUMAN,20190108,9.9,10.1,9.75,9.75,994000
HYDRO,20190108,1.19,1.19,1.14,1.16,299200
ICC,20190108,40,40,40,40,300
ICHI,20190108,2.98,2.98,2.96,2.96,522300
ICN,20190108,1.76,1.79,1.76,1.77,489300
IFS,20190108,3.04,3.04,3.02,3.04,71800
IHL,20190108,7.5,7.65,7.45,7.6,88500
III,20190108,5.05,5.35,5.05,5.3,4212300
ILINK,20190108,4.3,4.3,4.2,4.26,91700
IMPACT,20190108,19.4,19.6,19.3,19.6,62400
INET,20190108,3,3.04,3,3,26400
INGRS,20190108,0.55,0.55,0.54,0.54,568600
INOX,20190108,0.99,1,0.98,0.98,130100
INTUCH,20190108,49,50,48.5,49.5,5185200
IRC,20190108,20.8,20.8,20.7,20.8,3600
IRCP,20190108,0.61,0.62,0.57,0.59,281100
IRPC,20190108,6,6.05,5.85,6.05,82615900
IT,20190108,3.3,3.32,3.3,3.3,8600
ITD,20190108,2.26,2.26,2.22,2.22,4496600
ITEL,20190108,3.2,3.24,3.18,3.2,69600
IVL,20190108,54,55.25,54,54.75,19388800
J,20190108,1.38,1.38,1.37,1.37,20400
JAS,20190108,4.68,4.74,4.66,4.7,9611400
JASIF,20190108,10,10.1,10,10.1,6437900
JCK,20190108,1.49,1.51,1.47,1.51,179000
JCKH,20190108,0.52,0.58,0.5,0.55,55900
JCT,20190108,85.75,85.75,85.75,85.75,100
JKN,20190108,8.2,8.25,8.05,8.05,1150500
JMART,20190108,4.96,5,4.94,4.96,532700
JMT,20190108,11,11.2,10.9,11,438300
JSP,20190108,0.46,0.47,0.45,0.46,902200
JTS,20190108,1.34,1.35,1.33,1.34,31700
JUBILE,20190108,14.8,14.9,14.6,14.9,23800
JWD,20190108,7,7.05,6.9,7,529800
K,20190108,2.42,2.46,2.4,2.46,1100
KAMART,20190108,3.5,3.52,3.48,3.52,460000
KASET,20190108,1.82,1.84,1.82,1.84,10900
KBANK,20190108,187.5,188,186,186.5,4042100
KBS,20190108,3.96,4,3.96,3.98,132500
KCAR,20190108,10.8,10.8,10.8,10.8,19800
KCE,20190108,27,27.25,26.25,27,1873800
KCM,20190108,0.83,0.95,0.83,0.92,7383500
KDH,20190108,95,95,95,95,200
KGI,20190108,4.4,4.4,4.38,4.4,727600
KIAT,20190108,0.48,0.49,0.47,0.48,2554100
KKC,20190108,1.15,1.16,1.14,1.16,12600
KKP,20190108,67.75,68,67.5,68,808500
KOOL,20190108,1.18,1.5,1.17,1.45,49737000
KSL,20190108,3.1,3.14,3.08,3.08,676700
KTB,20190108,19.8,20,19.7,20,11479400
KTC,20190108,32,32.25,31.5,31.75,5017900
KTIS,20190108,5.4,5.4,5.35,5.4,8000
KWG,20190108,1.82,1.91,1.82,1.91,8400
KWM,20190108,0.84,0.89,0.84,0.85,1666400
KYE,20190108,383,383,382,382,600
L&E,20190108,2.6,2.62,2.58,2.62,55100
LALIN,20190108,4.84,4.84,4.76,4.8,163300
LANNA,20190108,12,12,11.7,11.8,39900
LDC,20190108,0.94,0.97,0.93,0.93,220400
LEE,20190108,2.56,2.58,2.54,2.58,65700
LH,20190108,10,10.1,9.95,10,12678200
LHFG,20190108,1.38,1.38,1.37,1.38,846700
LHHOTEL,20190108,16.2,16.2,16,16.2,128200
LHK,20190108,3.84,3.86,3.82,3.84,196300
LHPF,20190108,8.2,8.2,8.2,8.2,23500
LHSC,20190108,16.2,16.2,16.2,16.2,74000
LIT,20190108,5.8,5.8,5.7,5.8,121700
LOXLEY,20190108,1.73,1.73,1.7,1.71,465900
LPH,20190108,5.6,5.6,5.55,5.6,96200
LPN,20190108,6.6,6.65,6.5,6.55,7450700
LRH,20190108,50,50,49.5,50,18800
LST,20190108,3.98,4.02,3.98,3.98,69300
LTX,20190108,96.25,99,96,97.25,8500
LUXF,20190108,8.45,8.45,8.45,8.45,10000
M,20190108,74.25,75.25,74,75,463200
M-PAT,20190108,9.8,9.8,9.8,9.8,2100
MACO,20190108,1.57,1.6,1.57,1.59,13493700
MAJOR,20190108,21.5,21.9,21.5,21.5,2405200
MAKRO,20190108,33.75,34,33.25,33.75,493000
MALEE,20190108,8.65,8.75,8.5,8.6,482300
MATCH,20190108,2.1,2.12,2.08,2.12,363400
MATI,20190108,5,5.1,5,5,27000
MAX,20190108,0.02,0.02,0.02,0.02,4924200
MBAX,20190108,3.98,3.98,3.88,3.98,21100
MBK,20190108,20.1,20.4,20,20.2,1030000
MBKET,20190108,10.4,10.4,10.3,10.4,33800
MC,20190108,10.7,10.7,10.6,10.7,831400
MCOT,20190108,9.1,9.1,8.95,8.95,90800
MCS,20190108,6.9,6.95,6.9,6.95,354100
MDX,20190108,3.7,3.72,3.66,3.72,28700
MEGA,20190108,29.75,30,29.5,29.5,215100
META,20190108,2.02,2.02,1.96,1.99,2151600
METCO,20190108,208,209,208,209,900
MFC,20190108,16.9,16.9,16.8,16.9,5300
MFEC,20190108,2.82,2.82,2.78,2.8,232900
MGT,20190108,1.73,1.9,1.72,1.9,18000
MIDA,20190108,0.59,0.59,0.58,0.58,451500
MILL,20190108,1.41,1.45,1.38,1.45,244400
MINT,20190108,35,35,34.5,34.75,5210900
MJD,20190108,3.54,3.54,3.4,3.44,77000
MK,20190108,3.74,3.76,3.72,3.76,578300
ML,20190108,0.94,0.97,0.94,0.96,139200
MM,20190108,3.62,3.68,3.58,3.58,43800
MNRF,20190108,3.32,3.34,3.32,3.34,2300
MODERN,20190108,3.72,3.74,3.7,3.74,31800
MONO,20190108,1.74,1.82,1.74,1.82,3711900
MOONG,20190108,6.6,6.7,6.5,6.55,625100
MPG,20190108,0.17,0.17,0.16,0.16,1589800
MSC,20190108,7.05,7.2,7.05,7.2,232900
MTC,20190108,49,49.25,48.5,49,3143300
MTI,20190108,98,98.25,98,98.25,11100
MVP,20190108,1.39,1.44,1.36,1.38,564700
NBC,20190108,0.5,0.5,0.45,0.45,1600
NCH,20190108,0.87,0.87,0.84,0.87,145900
NCL,20190108,1.37,1.44,1.37,1.41,35300
NDR,20190108,1.87,1.88,1.84,1.88,42000
NEP,20190108,0.31,0.31,0.31,0.31,299100
NER,20190108,1.81,1.87,1.81,1.83,32790300
NETBAY,20190108,23.1,23.1,22.8,22.9,88200
NEWS,20190108,0.01,0.01,0.01,0.01,1425900
NFC,20190108,7.8,7.8,5.7,6.05,81500
NINE,20190108,2.14,2.18,2.04,2.06,4038700
NKI,20190108,62,62,61.25,61.25,3500
NNCL,20190108,1.66,1.68,1.65,1.66,572400
NOBLE,20190108,14.4,14.9,14.4,14.9,258500
NOK,20190108,2.28,2.32,2.24,2.28,486800
NPK,20190108,26,26,26,26,4000
NPPG,20190108,1,1.02,0.99,1,7011600
NTV,20190108,56,56.25,56,56.25,2500
NUSA,20190108,0.46,0.46,0.45,0.46,2808000
NVD,20190108,3.2,3.28,3.2,3.22,303400
NWR,20190108,0.78,0.78,0.77,0.77,1565700
NYT,20190108,5,5,4.96,4.98,459700
OCEAN,20190108,3.9,4.06,3.86,3.92,5218300
OGC,20190108,34,34,34,34,1200
OISHI,20190108,74.25,76,74.25,76,300
ORI,20190108,6.95,7.1,6.85,6.95,6161000
OSP,20190108,23.9,24.2,23.8,23.8,5433600
OTO,20190108,2.02,2.06,2,2,110600
PACE,20190108,0.4,0.41,0.39,0.41,1493100
PAF,20190108,0.8,0.88,0.78,0.82,907100
PAP,20190108,3.5,3.5,3.44,3.46,16500
PATO,20190108,13.2,13.2,13,13,4900
PB,20190108,60.5,60.5,60.5,60.5,15200
PCSGH,20190108,7,7,7,7,8400
PDG,20190108,2.82,2.84,2.78,2.78,89200
PDI,20190108,12.2,12.5,12.2,12.4,583000
PDJ,20190108,2.2,2.26,2.18,2.24,76200
PE,20190108,0.23,0.23,0.22,0.22,4700
PERM,20190108,1.89,1.89,1.89,1.89,3400
PF,20190108,0.71,0.72,0.7,0.71,5879000
PG,20190108,5.65,5.65,5.65,5.65,1000
PHOL,20190108,1.61,1.62,1.57,1.62,20000
PIMO,20190108,4.82,4.84,4.72,4.72,1080500
PJW,20190108,1.51,1.55,1.51,1.55,232500
PK,20190108,2.12,2.48,2.12,2.34,4346600
PL,20190108,3.26,3.32,3.26,3.3,78700
PLANB,20190108,6.15,6.15,6,6.05,4824600
PLANET,20190108,1.45,1.48,1.45,1.45,45800
PLAT,20190108,7.15,7.35,7.15,7.2,183900
PLE,20190108,1.1,1.12,1.1,1.12,953400
PM,20190108,8.65,8.75,8.6,8.75,106000
PMTA,20190108,10.5,10.9,10.5,10.6,1000
POPF,20190108,13.3,13.3,13.3,13.3,40700
PORT,20190108,5,5,4.94,4.98,417500
PPF,20190108,11,11.1,10.9,11.1,47000
PPM,20190108,1.1,1.16,1.1,1.14,107600
PPP,20190108,2.62,2.62,2.58,2.62,11400
PPPM,20190108,2.66,2.68,2.5,2.68,277700
PPS,20190108,0.7,0.71,0.7,0.71,198700
PR9,20190108,11.3,11.4,11.3,11.4,437300
PRAKIT,20190108,11.1,11.2,11.1,11.2,600
PREB,20190108,9.5,9.5,9.35,9.45,142400
PRECHA,20190108,1.58,1.6,1.58,1.6,12500
PRIN,20190108,1.58,1.58,1.58,1.58,295200
PRINC,20190108,4.72,4.72,4.64,4.68,456600
PRM,20190108,5.7,5.75,5.5,5.6,2814800
PSH,20190108,16.8,16.9,16.7,16.8,1172500
PSL,20190108,8.8,8.9,8.75,8.8,3748000
PSTC,20190108,0.61,0.63,0.61,0.62,21548100
PT,20190108,5.7,5.75,5.65,5.7,19300
PTG,20190108,9.65,9.65,9.4,9.45,8933100
PTL,20190108,13.7,14.1,13.2,14,467800
PTT,20190108,48.25,48.75,47.75,48,50671500
PTTEP,20190108,121,122,120,121.5,10971700
PTTGC,20190108,72,72.25,71.5,71.75,11882400
PYLON,20190108,7.05,7.1,7,7.1,49700
QH,20190108,2.66,2.7,2.66,2.68,34519700
QHHR,20190108,8.4,8.45,8.4,8.45,12200
QHOP,20190108,3.22,3.22,3.22,3.22,100
QHPF,20190108,13.3,13.3,13.2,13.3,285800
QLT,20190108,3.82,3.9,3.82,3.88,7900
QTC,20190108,4.86,4.88,4.86,4.88,5700
RATCH,20190108,51.5,51.75,51.25,51.75,1535400
RCI,20190108,3.92,3.92,3.86,3.86,864600
RCL,20190108,4.88,4.88,4.82,4.82,18500
RICHY,20190108,1.58,1.59,1.57,1.58,122100
RJH,20190108,19,19.6,19,19.6,116500
RML,20190108,1.13,1.18,1.13,1.16,6614500
ROBINS,20190108,65.75,66.5,65.25,65.75,1391900
ROCK,20190108,15.5,16.5,15.5,16,13100
ROH,20190108,42,43,42,43,600
ROJNA,20190108,4.76,4.76,4.72,4.76,467700
RP,20190108,2.4,2.42,2.4,2.4,4500
RPC,20190108,0.4,0.4,0.38,0.39,286900
RPH,20190108,4.92,4.92,4.88,4.9,84800
RS,20190108,15.2,15.7,15,15.4,15372300
RSP,20190108,3.7,3.7,3.68,3.7,73700
RWI,20190108,1.6,1.64,1.59,1.6,107200
S,20190108,3.2,3.22,3.18,3.2,1668900
S11,20190108,7.15,7.25,7.15,7.2,78300
SABINA,20190108,29,29,28.75,29,5000
SALEE,20190108,1.02,1.05,1.02,1.03,58800
SAM,20190108,0.46,0.46,0.45,0.46,125600
SAMART,20190108,6.35,6.4,6.3,6.4,384600
SAMCO,20190108,1.76,1.76,1.71,1.71,104300
SAMTEL,20190108,7.2,7.2,7.1,7.1,1055800
SANKO,20190108,1.11,1.14,1.11,1.11,429500
SAPPE,20190108,14.9,15.1,14.7,14.9,137700
SAT,20190108,16.7,16.7,16.4,16.5,427100
SAUCE,20190108,22.1,22.1,22.1,22.1,100
SAWAD,20190108,48.5,48.75,48,48.75,2442600
SC,20190108,2.66,2.7,2.64,2.68,3061600
SCB,20190108,135,135.5,134,134.5,2598900
SCC,20190108,436,436,430,430,1055000
SCCC,20190108,213,219,213,219,148900
SCG,20190108,4.44,4.46,4.44,4.46,10100
SCI,20190108,2.42,2.44,2.4,2.4,162200
SCN,20190108,3.98,4,3.94,3.98,135500
SCP,20190108,8.5,8.6,8.5,8.6,228900
SDC,20190108,0.3,0.3,0.29,0.3,861200
SE,20190108,1.9,1.94,1.9,1.94,36300
SE-ED,20190108,2.86,2.98,2.7,2.84,29100
SEAFCO,20190108,8.8,8.8,8.6,8.75,1496600
SEAOIL,20190108,3.34,3.44,3.34,3.4,344300
SELIC,20190108,2.3,2.38,2.3,2.34,73300
SENA,20190108,3.36,3.38,3.34,3.38,127800
SF,20190108,7.35,7.45,7.3,7.45,938400
SFP,20190108,181.5,182,181.5,182,200
SGF,20190108,1.32,1.32,1.27,1.29,9941900
SGP,20190108,9.15,9.4,9.05,9.35,8648500
SHANG,20190108,75.5,76,75.5,76,200
SHREIT,20190108,8.65,8.9,8.65,8.7,15900
SIAM,20190108,2.08,2.1,2.08,2.1,163600
SIMAT,20190108,1.89,1.89,1.88,1.88,121500
SINGER,20190108,6.5,6.6,6.45,6.6,17100
SIRI,20190108,1.25,1.27,1.23,1.27,35193500
SIRIP,20190108,11.6,11.6,11.6,11.6,10100
SIS,20190108,9.7,9.85,9.7,9.85,121200
SISB,20190108,4.38,4.4,4.3,4.38,1044600
SITHAI,20190108,1.13,1.14,1.13,1.13,125500
SKE,20190108,0.99,1.02,0.98,1,690000
SKN,20190108,3.56,3.74,3.56,3.74,1158800
SKR,20190108,4,4,3.92,4,316100
SKY,20190108,12.8,12.8,12.6,12.7,87800
SLP,20190108,0.83,0.85,0.81,0.82,82800
SMART,20190108,0.94,0.95,0.94,0.95,72400
SMIT,20190108,5.95,5.95,5.75,5.85,471500
SMK,20190108,39.25,39.25,38.5,39,7200
SMM,20190108,2.66,2.66,2.38,2.4,12932500
SMPC,20190108,12,12.4,11.9,12,337000
SMT,20190108,1.96,1.98,1.91,1.95,181700
SNC,20190108,13.6,13.7,13.6,13.7,112700
SNP,20190108,19.1,19.3,19,19.2,3500
SOLAR,20190108,2.04,2.06,2.02,2.02,462600
SONIC,20190108,1.3,1.36,1.29,1.33,2597600
SPA,20190108,12.6,12.6,12.3,12.4,93600
SPACK,20190108,1.67,1.68,1.64,1.64,14400
SPALI,20190108,18.8,18.9,18.6,18.8,1805700
SPC,20190108,53,53.25,53,53,4400
SPCG,20190108,18.4,18.6,18.4,18.5,248200
SPF,20190108,23.1,23.2,23.1,23.2,18500
SPI,20190108,71.5,71.5,71.5,71.5,200
SPORT,20190108,0.14,0.14,0.14,0.14,24600
SPPT,20190108,3.96,4.08,3.96,4,381300
SPRC,20190108,10.1,10.1,9.9,10,13493500
SPVI,20190108,1.07,1.17,1.07,1.1,1322000
SQ,20190108,2.14,2.16,2.12,2.14,654300
SR,20190108,1.87,1.87,1.86,1.86,9000
SRICHA,20190108,10.8,10.8,10.7,10.8,29500
SRIPANWA,20190108,10.9,10.9,10.8,10.8,10100
SSC,20190108,34.5,34.5,34.5,34.5,300
SSP,20190108,7.4,7.65,7.3,7.45,1125600
SSPF,20190108,9.25,9.25,9.25,9.25,63000
SSSC,20190108,2.72,2.74,2.72,2.74,25200
SST,20190108,4.14,4.16,4.12,4.16,10800
SSTPF,20190108,6.3,6.3,6.3,6.3,100
SSTRT,20190108,6,6,6,6,3100
STA,20190108,14.5,15.1,14,14.2,23930600
STANLY,20190108,214,215,213,213,4200
STAR,20190108,4.84,4.84,4.7,4.82,24300
STEC,20190108,21.7,21.7,21.4,21.5,6644000
STI,20190108,5.1,5.5,5.05,5.3,1194300
STPI,20190108,4.24,4.24,4.2,4.24,259600
SUC,20190108,45.75,45.75,45.75,45.75,16700
SUN,20190108,2.84,2.88,2.84,2.86,27600
SUPER,20190108,0.55,0.55,0.53,0.54,86638000
SUSCO,20190108,2.52,2.52,2.48,2.48,380000
SUTHA,20190108,3.8,3.8,3.8,3.8,5100
SVI,20190108,4.84,4.94,4.8,4.92,1925700
SVOA,20190108,1.24,1.24,1.21,1.21,176200
SWC,20190108,19.9,20,19.9,20,49500
SYMC,20190108,4.86,4.9,4.86,4.9,500
SYNEX,20190108,12.1,12.3,11.8,12.1,390100
SYNTEC,20190108,2.76,2.84,2.74,2.8,2481000
T,20190108,0.06,0.06,0.05,0.06,337300
TACC,20190108,2.28,2.32,2.26,2.32,116200
TAE,20190108,2.06,2.06,2.04,2.04,27300
TAKUNI,20190108,0.75,0.75,0.74,0.75,374000
TAPAC,20190108,6.15,6.3,5.85,6.3,1705300
TASCO,20190108,14.8,14.8,14.6,14.8,1533700
TBSP,20190108,15.7,15.7,15.7,15.7,100
TC,20190108,3.18,3.18,3.18,3.18,200
TCAP,20190108,51.75,52,51.25,51.5,2127800
TCC,20190108,0.41,0.41,0.39,0.39,6479200
TCCC,20190108,28.75,28.75,28.5,28.5,1600
TCJ,20190108,5,5.05,5,5.05,12800
TCMC,20190108,1.64,1.66,1.58,1.58,2486300
TEAM,20190108,0.89,1.01,0.89,0.94,2235600
TEAMG,20190108,1.82,1.88,1.81,1.87,2752700
TFFIF,20190108,10.2,10.2,10.1,10.2,1616200
TFG,20190108,3.1,3.12,3.06,3.06,395400
TFI,20190108,0.28,0.31,0.28,0.3,165100
TFMAMA,20190108,160,160.5,160,160.5,21200
TGPRO,20190108,0.13,0.13,0.12,0.12,322900
TH,20190108,0.71,0.73,0.71,0.71,37000
THAI,20190108,12.6,12.7,12.4,12.7,1388300
THANA,20190108,1.95,1.97,1.92,1.97,39000
THANI,20190108,7.6,7.6,7.45,7.45,1294800
THCOM,20190108,6.1,6.15,6,6.05,913400
THE,20190108,1.54,1.58,1.53,1.53,110700
THG,20190108,32.75,33,32.5,33,601300
THIP,20190108,23.4,23.4,23.3,23.3,9000
THMUI,20190108,1.2,1.26,1.19,1.22,277900
THRE,20190108,0.88,0.91,0.87,0.87,1591400
THREL,20190108,6.45,6.5,6.45,6.5,88600
TICON,20190108,14.2,14.4,14.2,14.3,20700
TIF1,20190108,8.75,8.75,8.75,8.75,1000
TIGER,20190108,4,4.02,3.7,3.72,2801500
TIP,20190108,22.7,22.7,22.5,22.7,123100
TIPCO,20190108,7.5,7.6,7.45,7.6,147200
TISCO,20190108,81.25,81.5,81,81,2266400
TITLE,20190108,7.85,7.95,7.8,7.85,175100
TK,20190108,8.5,9,8.5,8.95,58800
TKN,20190108,8.4,8.45,8.2,8.3,12711600
TKS,20190108,8.7,8.75,8.65,8.7,144100
TLGF,20190108,19.1,19.1,19,19,628600
TM,20190108,2.1,2.1,2.06,2.1,1300
TMB,20190108,2.2,2.22,2.18,2.2,59741600
TMC,20190108,0.8,0.8,0.78,0.79,207800
TMI,20190108,0.75,0.77,0.75,0.77,466000
TMILL,20190108,2.74,2.74,2.7,2.7,67800
TMT,20190108,13.2,13.2,13.1,13.1,30100
TMW,20190108,64.75,64.75,64.5,64.5,12800
TNDT,20190108,4.18,4.2,4.1,4.14,27400
TNH,20190108,37.5,38,37.5,38,74000
TNITY,20190108,5.7,5.7,5.7,5.7,900
TNL,20190108,19.5,19.5,19.3,19.3,200
TNP,20190108,1.42,1.44,1.41,1.42,63100
TNPC,20190108,1.21,1.22,1.21,1.22,10500
TNR,20190108,10,10,10,10,2300
TOA,20190108,33,33.75,32.75,33.5,609400
TOG,20190108,4.52,4.52,4.52,4.52,1200
TOP,20190108,70,70,68.5,69.75,6634500
TOPP,20190108,203,203,203,203,100
TPA,20190108,6.15,6.45,6.05,6.45,16100
TPAC,20190108,10,10,10,10,11000
TPBI,20190108,6.1,6.1,6.1,6.1,700
TPCH,20190108,9.4,9.45,9.3,9.4,265100
TPIPL,20190108,1.97,1.98,1.96,1.97,5964100
TPIPP,20190108,5.8,5.85,5.75,5.8,3594400
TPLAS,20190108,1.48,1.52,1.48,1.49,383700
TPOLY,20190108,2.68,2.68,2.6,2.66,353500
TPRIME,20190108,12.6,12.6,12.6,12.6,191200
TQM,20190108,22.8,22.8,22.6,22.6,105900
TR,20190108,43,43,43,43,1100
TRC,20190108,0.43,0.46,0.42,0.43,10415200
TREIT,20190108,11.8,11.8,11.7,11.7,265900
TRITN,20190108,0.38,0.39,0.38,0.38,9830000
TRT,20190108,1.81,1.81,1.76,1.8,108600
TRU,20190108,4.7,4.74,4.7,4.74,6200
TRUBB,20190108,1.57,1.61,1.54,1.54,429500
TRUE,20190108,5.25,5.35,5.2,5.3,48637500
TSC,20190108,13.1,13.4,13.1,13.4,15700
TSE,20190108,2.14,2.14,2.12,2.14,444000
TSF,20190108,0.03,0.03,0.02,0.02,514400
TSI,20190108,0.6,0.63,0.6,0.62,2339900
TSR,20190108,1.81,1.81,1.81,1.81,12100
TSTH,20190108,0.67,0.67,0.65,0.67,470100
TTA,20190108,5.2,5.3,5.15,5.15,846600
TTCL,20190108,6.55,6.7,6.55,6.6,293700
TTTM,20190108,191,191,190,190,400
TTW,20190108,12.6,12.6,12.5,12.5,1902200
TU,20190108,16.2,16.4,16.1,16.3,9121900
TVD,20190108,1.53,1.54,1.52,1.53,69000
TVI,20190108,3.84,3.84,3.8,3.84,28700
TVO,20190108,27.25,27.25,26.75,27,565400
TVT,20190108,0.73,0.76,0.73,0.76,90700
TWP,20190108,3.9,3.9,3.9,3.9,100
TWPC,20190108,8.05,8.05,7.95,8.05,18200
TWZ,20190108,0.08,0.09,0.08,0.08,9761600
TYCN,20190108,2.64,2.66,2.6,2.66,27900
U,20190108,2.52,2.54,2.48,2.52,4115500
UAC,20190108,3.96,3.96,3.96,3.96,18700
UBIS,20190108,5.15,5.15,5.15,5.15,24400
UEC,20190108,1.29,1.34,1.29,1.29,229900
UKEM,20190108,0.63,0.67,0.61,0.65,5761800
UMI,20190108,1.24,1.31,1.24,1.27,3330600
UMS,20190108,0.67,0.67,0.67,0.67,100
UNIQ,20190108,9.8,9.85,9.65,9.75,3534700
UPA,20190108,0.36,0.37,0.35,0.36,634900
UPOIC,20190108,4.28,4.28,4.28,4.28,600
URBNPF,20190108,4.6,4.6,4.6,4.6,100
UREKA,20190108,1.9,2,1.9,1.93,1001100
UTP,20190108,9.65,9.85,9.65,9.75,251000
UV,20190108,6.3,6.4,6.25,6.35,2521600
UVAN,20190108,5.35,5.35,5.3,5.3,17500
UWC,20190108,0.06,0.06,0.05,0.05,1166900
VCOM,20190108,2.84,2.96,2.82,2.86,49200
VGI,20190108,7.9,7.95,7.85,7.85,3764000
VIBHA,20190108,2.04,2.04,2.02,2.02,1116700
VIH,20190108,6.65,6.85,6.65,6.8,568400
VNG,20190108,4.92,4.92,4.88,4.9,33800
VNT,20190108,20.2,20.4,20.1,20.1,1957200
VPO,20190108,0.42,0.43,0.41,0.43,72000
WACOAL,20190108,45.5,45.5,45.5,45.5,800
WAVE,20190108,1.96,2.02,1.96,2,4000
WG,20190108,179.5,179.5,179,179,14100
WHA,20190108,4.28,4.3,4.24,4.26,67614700
WHART,20190108,11,11,10.9,10.9,416600
WHAUP,20190108,5.65,5.7,5.6,5.6,2782500
WICE,20190108,3.78,3.78,3.72,3.78,1428100
WIIK,20190108,1.96,1.98,1.96,1.97,269000
WIN,20190108,0.55,0.55,0.53,0.55,200200
WINNER,20190108,2.8,2.82,2.78,2.8,32000
WORK,20190108,23.4,24,23.3,23.8,2919400
WP,20190108,5.1,5.25,5,5.1,304400
WPH,20190108,2.36,2.36,2.34,2.36,94100
XO,20190108,11.6,11.6,11.4,11.5,117500
YUASA,20190108,10.2,10.2,10,10,4100
ZIGA,20190108,1.8,1.86,1.8,1.85,137100
ZMICO,20190108,0.99,1,0.99,1,76800
U-P,20190108,3.24,3.24,3.16,3.24,341300
AAV01C1902A,20190108,0.29,0.29,0.27,0.27,2688600
AAV01C1902B,20190108,0.15,0.15,0.14,0.14,346100
AAV01P1902A,20190108,0.67,0.68,0.67,0.68,710000
AAV06C1904A,20190108,0.13,0.13,0.13,0.13,40000
AAV08C1903A,20190108,0.1,0.1,0.1,0.1,800
AAV11C1910A,20190108,0.36,0.36,0.35,0.35,420000
AAV28C1902A,20190108,0.04,0.04,0.04,0.04,5000
ADVA01C1902A,20190108,0.08,0.08,0.08,0.08,1232000
ADVA01C1902B,20190108,0.03,0.03,0.03,0.03,220000
ADVA01C1905A,20190108,0.47,0.48,0.47,0.47,6937300
ADVA01C1905B,20190108,0.36,0.37,0.35,0.36,7613200
ADVA01P1902A,20190108,0.85,0.85,0.84,0.84,571800
ADVA01P1902B,20190108,0.54,0.54,0.53,0.53,3094800
ADVA01P1905A,20190108,1.09,1.09,1.08,1.08,3100200
ADVA01P1905B,20190108,0.58,0.59,0.58,0.58,3552800
ADVA06C1903A,20190108,0.03,0.03,0.03,0.03,500000
ADVA11C1910A,20190108,0.66,0.66,0.65,0.66,1355000
ADVA11P1905A,20190108,0.26,0.26,0.25,0.25,1180000
ADVA11P1910A,20190108,0.62,0.62,0.61,0.61,640000
ADVA13C1904A,20190108,0.18,0.19,0.18,0.19,3911900
ADVA13C1905A,20190108,0.68,0.68,0.66,0.68,10964800
ADVA13P1904A,20190108,0.65,0.66,0.64,0.64,6364500
ADVA19C1901A,20190108,0.01,0.01,0.01,0.01,188000
ADVA19C1905A,20190108,0.51,0.51,0.5,0.51,2369800
ADVA19P1904A,20190108,0.39,0.4,0.38,0.39,1883900
ADVA28C1904B,20190108,0.32,0.33,0.32,0.33,2915800
ADVA28C1905A,20190108,0.53,0.54,0.52,0.53,3028700
AMAT01C1903A,20190108,0.54,0.54,0.51,0.54,12919400
AMAT01C1903B,20190108,0.3,0.3,0.28,0.3,9356200
AMAT01P1903A,20190108,0.57,0.6,0.56,0.56,16926100
AMAT06C1903A,20190108,0.3,0.32,0.29,0.31,770000
AMAT08C1903A,20190108,0.29,0.3,0.28,0.3,2560800
AMAT11C1903A,20190108,0.16,0.17,0.16,0.17,852600
AMAT13C1902A,20190108,0.06,0.06,0.06,0.06,209600
AMAT13C1905A,20190108,0.38,0.38,0.36,0.37,46535900
AMAT19C1902A,20190108,0.31,0.33,0.31,0.33,5010200
AMAT23C1906A,20190108,0.3,0.3,0.28,0.29,1950000
AMAT28C1902A,20190108,0.18,0.19,0.17,0.19,5410400
AMAT28C1903A,20190108,0.04,0.04,0.04,0.04,60200
ANAN08C1906A,20190108,0.01,0.02,0.01,0.02,665400
ANAN13C1901A,20190108,0.01,0.01,0.01,0.01,30000
AOT01C1902A,20190108,0.37,0.39,0.36,0.38,28239700
AOT01C1902B,20190108,0.11,0.12,0.11,0.12,12945300
AOT01C1904A,20190108,0.36,0.4,0.36,0.38,23529700
AOT01C1904B,20190108,0.2,0.23,0.2,0.21,32687300
AOT01P1902A,20190108,0.67,0.67,0.63,0.64,5603900
AOT01P1902B,20190108,0.16,0.17,0.14,0.15,20876700
AOT01P1904A,20190108,0.69,0.69,0.66,0.67,6260900
AOT01P1904B,20190108,0.43,0.43,0.4,0.41,17767900
AOT06C1903A,20190108,0.2,0.22,0.2,0.22,2775500
AOT06P1903A,20190108,0.2,0.21,0.18,0.18,1756000
AOT07C1902A,20190108,0.3,0.3,0.3,0.3,1000
AOT08C1904A,20190108,0.25,0.28,0.25,0.26,2428200
AOT08P1903A,20190108,0.22,0.23,0.21,0.21,1746200
AOT11C1906A,20190108,0.2,0.21,0.2,0.2,2378300
AOT11P1906A,20190108,0.18,0.18,0.18,0.18,451000
AOT13C1902A,20190108,0.16,0.18,0.15,0.17,4870500
AOT13C1904A,20190108,0.41,0.44,0.39,0.42,8663600
AOT13P1902A,20190108,0.07,0.07,0.07,0.07,2247200
AOT13P1905A,20190108,0.38,0.38,0.36,0.36,2954300
AOT16C1912A,20190108,0.78,0.79,0.78,0.79,1300
AOT19C1901A,20190108,0.08,0.11,0.08,0.09,2502400
AOT19P1903A,20190108,0.11,0.11,0.1,0.1,2750000
AOT23C1906A,20190108,0.36,0.38,0.36,0.37,4793400
AOT24P1903A,20190108,0.07,0.07,0.07,0.07,10000
AOT27C1902A,20190108,0.11,0.12,0.11,0.12,1080000
AOT27P1903A,20190108,0.29,0.29,0.28,0.28,1286000
AOT28C1902A,20190108,0.21,0.23,0.21,0.22,5961700
AOT28C1905A,20190108,0.25,0.26,0.25,0.25,7109600
AOT42C1903A,20190108,0.14,0.15,0.14,0.15,1428000
AP01C1903B,20190108,0.01,0.01,0.01,0.01,100000
AP13C1904A,20190108,0.08,0.08,0.08,0.08,1685000
AP19C1906A,20190108,0.23,0.24,0.23,0.23,3679100
AP42P1901A,20190108,0.99,0.99,0.96,0.96,73000
BA11C1902A,20190108,0.01,0.01,0.01,0.01,513800
BANP01C1903A,20190108,0.11,0.11,0.1,0.11,6445000
BANP01C1903B,20190108,0.04,0.05,0.04,0.04,519100
BANP01C1905A,20190108,0.39,0.4,0.38,0.38,12603100
BANP01C1905B,20190108,0.31,0.31,0.3,0.3,10153600
BANP01P1903A,20190108,0.99,1.01,0.99,0.99,6544800
BANP01P1903B,20190108,0.57,0.62,0.57,0.59,11336800
BANP01P1905A,20190108,0.52,0.53,0.52,0.52,14726800
BANP07C1904A,20190108,0.06,0.07,0.06,0.07,14000
BANP08C1904A,20190108,0.11,0.11,0.1,0.1,999500
BANP08P1901A,20190108,0.22,0.24,0.21,0.21,5104200
BANP11C1902A,20190108,0.01,0.01,0.01,0.01,661900
BANP11C1909A,20190108,0.21,0.21,0.21,0.21,800800
BANP13C1902A,20190108,0.01,0.01,0.01,0.01,100
BANP13C1904A,20190108,0.15,0.15,0.15,0.15,27911100
BANP13C1906A,20190108,0.43,0.43,0.41,0.43,39624600
BANP16C1912A,20190108,0.5,0.5,0.48,0.49,400
BANP19C1906A,20190108,0.37,0.37,0.35,0.36,2341900
BANP23C1906A,20190108,0.23,0.23,0.23,0.23,1200000
BANP24P1901A,20190108,0.07,0.07,0.07,0.07,330000
BANP27C1904A,20190108,0.11,0.11,0.11,0.11,600000
BANP27P1905A,20190108,0.48,0.48,0.47,0.47,1550000
BANP28C1905A,20190108,0.16,0.16,0.15,0.15,6450400
BANP42P1903A,20190108,0.7,0.72,0.7,0.7,1224000
BBL06C1902A,20190108,0.45,0.47,0.45,0.46,745700
BBL08C1902A,20190108,0.2,0.2,0.19,0.2,437200
BBL08P1904A,20190108,0.28,0.29,0.28,0.29,829600
BBL11C1903A,20190108,0.15,0.16,0.15,0.16,1664100
BBL13C1901A,20190108,0.09,0.09,0.08,0.08,1106400
BBL13C1905A,20190108,0.29,0.29,0.27,0.27,2371500
BBL19P1904A,20190108,0.24,0.24,0.24,0.24,1200000
BBL24P1904A,20190108,0.26,0.27,0.26,0.26,19000
BBL27C1904A,20190108,0.29,0.29,0.29,0.29,180000
BBL27P1904A,20190108,0.44,0.44,0.44,0.44,539300
BBL28C1904A,20190108,0.19,0.19,0.18,0.18,594600
BCH01C1902A,20190108,0.11,0.11,0.1,0.11,6958900
BCH01C1902B,20190108,0.01,0.02,0.01,0.02,153400
BCH01P1902A,20190108,0.7,0.72,0.68,0.68,1542200
BCH06C1903A,20190108,0.06,0.07,0.06,0.06,307400
BCH08C1901A,20190108,0.04,0.04,0.04,0.04,100000
BCH11C1905A,20190108,0.12,0.12,0.12,0.12,61100
BCH13C1902A,20190108,0.01,0.01,0.01,0.01,551600
BCH13C1905A,20190108,0.1,0.11,0.1,0.11,2931700
BCH19C1903A,20190108,0.11,0.11,0.11,0.11,427000
BCH27C1902A,20190108,0.25,0.25,0.23,0.23,2627400
BCH28C1904A,20190108,0.07,0.07,0.07,0.07,714400
BCH28C1905A,20190108,0.07,0.07,0.07,0.07,55000
BCP01C1903A,20190108,0.14,0.14,0.13,0.13,148000
BCP01P1903A,20190108,0.39,0.41,0.39,0.41,1311500
BCP11C1909A,20190108,0.19,0.19,0.18,0.18,300000
BCP13C1902A,20190108,0.05,0.05,0.05,0.05,100000
BCP19C1906A,20190108,0.29,0.29,0.29,0.29,217800
BCPG01C1904A,20190108,0.12,0.13,0.12,0.13,3598800
BCPG06C1903A,20190108,0.13,0.13,0.13,0.13,445000
BCPG11C1910A,20190108,0.34,0.34,0.34,0.34,640000
BCPG13C1904A,20190108,0.1,0.1,0.1,0.1,4428400
BCPG13C1905A,20190108,0.26,0.26,0.24,0.25,13503800
BCPG19C1906A,20190108,0.37,0.38,0.36,0.37,1154000
BCPG28C1904A,20190108,0.1,0.1,0.1,0.1,1638400
BDMS01C1905A,20190108,0.21,0.21,0.19,0.19,3756600
BDMS01C1905B,20190108,0.15,0.15,0.13,0.13,9882800
BDMS01P1905A,20190108,0.28,0.31,0.28,0.29,4215900
BDMS06C1903A,20190108,0.04,0.04,0.04,0.04,521000
BDMS08C1905A,20190108,0.13,0.13,0.13,0.13,2292400
BDMS13C1903A,20190108,0.08,0.08,0.08,0.08,600000
BDMS16C1912A,20190108,0.31,0.31,0.3,0.3,500
BDMS19C1901A,20190108,0.05,0.05,0.04,0.04,1650000
BDMS19C1905A,20190108,0.45,0.45,0.42,0.44,1816800
BDMS23C1906A,20190108,0.37,0.37,0.34,0.35,4324000
BDMS24C1909A,20190108,0.49,0.49,0.45,0.45,806000
BDMS42P1904A,20190108,0.15,0.16,0.15,0.16,471000
BEAU01C1901A,20190108,0.02,0.02,0.01,0.02,102400
BEAU01C1901B,20190108,0.01,0.02,0.01,0.02,6000
BEAU01C1902A,20190108,0.18,0.19,0.14,0.15,21891700
BEAU01C1902B,20190108,0.07,0.07,0.06,0.06,2380700
BEAU01P1902A,20190108,1.14,1.24,1.13,1.21,30259100
BEAU06C1904A,20190108,0.45,0.45,0.37,0.37,4095300
BEAU08C1902A,20190108,0.04,0.05,0.04,0.05,18700
BEAU11C1902A,20190108,0.01,0.01,0.01,0.01,1816700
BEAU13C1901A,20190108,0.01,0.01,0.01,0.01,400000
BEAU13C1904A,20190108,0.04,0.04,0.04,0.04,3802500
BEAU13C1904B,20190108,0.19,0.19,0.16,0.16,63479500
BEAU13C1906A,20190108,0.52,0.53,0.45,0.47,83098100
BEAU19C1902A,20190108,0.01,0.01,0.01,0.01,20000
BEAU19C1906A,20190108,0.61,0.62,0.56,0.56,6874900
BEAU23C1906A,20190108,0.09,0.09,0.09,0.09,750000
BEAU24C1903A,20190108,0.06,0.06,0.06,0.06,100000
BEAU28C1904A,20190108,0.12,0.12,0.1,0.1,2166900
BEM01C1902A,20190108,0.63,0.64,0.63,0.64,25849200
BEM01C1902B,20190108,0.49,0.51,0.49,0.49,13276300
BEM01P1902A,20190108,0.08,0.09,0.07,0.08,11592900
BEM08C1903A,20190108,0.4,0.42,0.4,0.4,2255300
BEM11C1903A,20190108,0.36,0.37,0.34,0.36,987000
BEM13C1905A,20190108,0.46,0.47,0.45,0.46,45469800
BEM13C1905B,20190108,0.16,0.16,0.16,0.16,5625900
BEM19C1901A,20190108,0.6,0.62,0.6,0.6,1593100
BEM23C1901A,20190108,0.28,0.3,0.28,0.3,350000
BEM24C1902A,20190108,0.31,0.32,0.31,0.31,412000
BEM27P1905A,20190108,0.09,0.09,0.09,0.09,260000
BEM28C1905A,20190108,0.29,0.3,0.28,0.28,13851200
BEM42C1904A,20190108,0.36,0.37,0.36,0.36,2024000
BEM42P1904A,20190108,0.04,0.04,0.04,0.04,30000
BGRI01C1901A,20190108,1.09,1.13,1.09,1.13,1020600
BGRI01C1901B,20190108,0.53,0.57,0.53,0.57,1559200
BGRI01C1903A,20190108,0.32,0.33,0.32,0.32,9418100
BGRI01C1903B,20190108,0.18,0.18,0.18,0.18,8467700
BGRI06C1903A,20190108,0.87,0.91,0.87,0.91,908000
BGRI08C1902A,20190108,0.53,0.56,0.53,0.56,1144200
BGRI08C1904A,20190108,0.18,0.18,0.17,0.17,728400
BGRI11C1909A,20190108,0.32,0.33,0.32,0.32,1919500
BGRI13C1904A,20190108,0.21,0.22,0.21,0.22,3001600
BGRI19C1901A,20190108,0.33,0.36,0.3,0.36,851800
BGRI19C1903A,20190108,0.15,0.15,0.15,0.15,1646800
BGRI24C1901A,20190108,0.26,0.31,0.26,0.31,88000
BGRI24C1902A,20190108,0.1,0.1,0.1,0.1,77000
BGRI27C1905A,20190108,0.19,0.2,0.19,0.2,6900000
BGRI28C1905A,20190108,0.21,0.21,0.21,0.21,2510800
BH01C1905A,20190108,0.3,0.32,0.3,0.31,1725800
BH01C1905B,20190108,0.23,0.25,0.23,0.24,6868100
BH01P1905A,20190108,0.63,0.64,0.61,0.61,3416400
BH08C1902A,20190108,0.27,0.31,0.27,0.29,2159100
BH11C1905A,20190108,0.49,0.52,0.48,0.51,1743500
BH13C1901A,20190108,0.2,0.23,0.19,0.21,2575700
BH13C1906A,20190108,0.77,0.8,0.75,0.78,7045700
BH19C1901A,20190108,0.19,0.22,0.18,0.2,4091300
BH27C1905A,20190108,0.17,0.18,0.17,0.17,8960000
BIG08C1906A,20190108,0.01,0.01,0.01,0.01,100000
BJC01C1906A,20190108,0.38,0.4,0.37,0.38,12884200
BJC01C1906B,20190108,0.28,0.29,0.27,0.27,2621300
BJC01P1906A,20190108,0.76,0.77,0.75,0.75,5632200
BJC06C1903A,20190108,0.1,0.1,0.1,0.1,340000
BJC08C1903A,20190108,0.04,0.04,0.04,0.04,100000
BJC11C1905A,20190108,0.1,0.1,0.1,0.1,122000
BJC13C1902A,20190108,0.02,0.02,0.02,0.02,100
BJC13C1906A,20190108,0.22,0.23,0.22,0.22,5856000
BJC19C1902A,20190108,0.03,0.03,0.03,0.03,500000
BJC27C1905A,20190108,0.13,0.13,0.13,0.13,480000
BLA13C1908A,20190108,0.23,0.24,0.23,0.24,5833100
BLA19C1906A,20190108,0.1,0.11,0.1,0.11,549000
BLA27C1905A,20190108,0.11,0.11,0.11,0.11,420000
BLA28C1906A,20190108,0.17,0.18,0.17,0.18,2074500
BLAN01C1903A,20190108,0.1,0.1,0.09,0.09,11555300
BLAN01P1903A,20190108,0.73,0.73,0.73,0.73,790200
BLAN11C1902A,20190108,0.01,0.01,0.01,0.01,600
BLAN19C1906A,20190108,0.17,0.17,0.16,0.16,918300
BPP01C1903B,20190108,0.04,0.04,0.04,0.04,200
BPP01P1903A,20190108,0.39,0.39,0.39,0.39,496400
BPP11C1910A,20190108,0.43,0.43,0.42,0.43,961000
BPP19C1903A,20190108,0.14,0.15,0.14,0.15,598300
BPP28C1904A,20190108,0.14,0.14,0.14,0.14,733000
BTS01C1903A,20190108,0.35,0.36,0.35,0.35,1053800
BTS01C1903B,20190108,0.2,0.2,0.19,0.19,36000
BTS01P1903A,20190108,0.26,0.26,0.26,0.26,426900
BTS06C1903B,20190108,9.2,9.2,9.2,9.2,60000
BTS19C1901A,20190108,0.1,0.1,0.1,0.1,300800
BTS23C1905A,20190108,1.63,1.63,1.63,1.63,600000
BTS28C1902A,20190108,0.08,0.08,0.08,0.08,469000
BTS28C1905A,20190108,0.21,0.21,0.21,0.21,1614400
CBG01C1902A,20190108,0.05,0.05,0.05,0.05,203100
CBG01C1902B,20190108,0.02,0.02,0.02,0.02,1000
CBG01P1905A,20190108,1.41,1.48,1.41,1.45,1026300
CBG06P1903A,20190108,1.69,1.76,1.69,1.72,60900
CBG11C1902A,20190108,0.01,0.01,0.01,0.01,2800
CBG13C1905A,20190108,0.17,0.17,0.16,0.16,2721000
CBG16C1912A,20190108,0.38,0.38,0.36,0.36,56900
CBG19C1906A,20190108,0.25,0.25,0.23,0.24,2217200
CBG28C1906A,20190108,0.23,0.23,0.21,0.21,1735300
CENT01C1903A,20190108,0.35,0.37,0.35,0.35,6907000
CENT01C1903B,20190108,0.18,0.2,0.18,0.19,6307700
CENT01P1903A,20190108,0.36,0.36,0.34,0.36,4919100
CENT06C1904A,20190108,0.07,0.07,0.07,0.07,1156000
CENT08C1902A,20190108,0.04,0.04,0.03,0.03,1565600
CENT11C1904A,20190108,0.05,0.05,0.05,0.05,100
CENT11C1909A,20190108,0.31,0.32,0.31,0.31,512600
CENT19C1904A,20190108,0.29,0.31,0.28,0.29,3711600
CENT27C1905A,20190108,0.27,0.29,0.27,0.27,2025000
CHG01C1903A,20190108,0.06,0.06,0.06,0.06,150000
CHG01C1903B,20190108,0.02,0.02,0.02,0.02,10000
CHG01P1903A,20190108,0.79,0.84,0.79,0.84,3103700
CHG11C1904A,20190108,0.03,0.03,0.03,0.03,40000
CHG19C1906A,20190108,0.26,0.26,0.23,0.23,2177700
CHG24C1911A,20190108,0.58,0.58,0.55,0.55,256000
CK01C1902A,20190108,0.18,0.18,0.17,0.17,120000
CK01C1902B,20190108,0.08,0.08,0.08,0.08,1000
CK01P1902A,20190108,0.28,0.29,0.28,0.29,1557500
CK08C1901A,20190108,0.02,0.02,0.02,0.02,1000000
CK19C1903A,20190108,0.13,0.13,0.13,0.13,689300
CKP01C1906A,20190108,0.27,0.27,0.27,0.27,817300
CKP01C1906B,20190108,0.19,0.19,0.19,0.19,10000
CKP08C1903A,20190108,0.71,0.71,0.71,0.71,10000
CKP08C1903B,20190108,0.1,0.1,0.1,0.1,25300
CKP13C1902A,20190108,0.64,0.64,0.64,0.64,60000
CKP13C1903A,20190108,0.38,0.38,0.38,0.38,260000
CKP13C1903B,20190108,0.09,0.09,0.09,0.09,111000
CKP19C1903A,20190108,0.13,0.13,0.13,0.13,50200
CKP27C1905A,20190108,0.17,0.17,0.16,0.16,6000000
COM706C1903A,20190108,0.02,0.02,0.01,0.01,410000
COM708C1903A,20190108,0.03,0.03,0.03,0.03,608400
COM711C1909A,20190108,0.16,0.18,0.14,0.15,11613500
COM713C1903A,20190108,0.05,0.05,0.05,0.05,200
COM713C1904A,20190108,0.04,0.05,0.04,0.05,7826700
COM719C1904A,20190108,0.05,0.06,0.04,0.06,14694900
COM724C1904A,20190108,0.02,0.02,0.02,0.02,2300600
CPAL01C1901A,20190108,0.11,0.11,0.09,0.09,11873600
CPAL01C1901B,20190108,0.01,0.01,0.01,0.01,3055000
CPAL01C1904A,20190108,0.79,0.79,0.77,0.77,10062500
CPAL01C1904B,20190108,0.49,0.49,0.46,0.46,15158400
CPAL01P1901A,20190108,1.09,1.13,1.08,1.1,4757300
CPAL01P1901B,20190108,0.11,0.13,0.1,0.11,30293200
CPAL01P1904A,20190108,0.45,0.46,0.44,0.45,11165700
CPAL01P1904B,20190108,0.2,0.2,0.19,0.2,4791200
CPAL06C1903A,20190108,0.39,0.39,0.35,0.35,4452000
CPAL07C1902A,20190108,0.22,0.22,0.22,0.22,100
CPAL08C1902B,20190108,0.26,0.26,0.24,0.25,4519200
CPAL08P1904A,20190108,0.22,0.23,0.22,0.22,592000
CPAL11C1903A,20190108,0.01,0.01,0.01,0.01,745000
CPAL11C1909A,20190108,0.49,0.49,0.48,0.48,446600
CPAL11P1903A,20190108,0.29,0.3,0.27,0.29,11847300
CPAL13C1901A,20190108,0.13,0.13,0.12,0.12,5300100
CPAL13C1903A,20190108,0.66,0.66,0.62,0.64,18023600
CPAL13P1902A,20190108,0.05,0.06,0.05,0.05,613000
CPAL19C1902A,20190108,0.23,0.23,0.21,0.22,3099000
CPAL19P1903A,20190108,0.1,0.1,0.1,0.1,860000
CPAL23C1906A,20190108,0.57,0.57,0.53,0.53,5090000
CPAL24C1904A,20190108,0.64,0.64,0.64,0.64,23800
CPAL27C1903A,20190108,0.28,0.28,0.27,0.27,270000
CPAL27P1905A,20190108,0.33,0.33,0.33,0.33,180000
CPAL28C1904A,20190108,0.45,0.45,0.42,0.42,7345400
CPAL42C1904A,20190108,0.39,0.39,0.37,0.38,1012100
CPF01C1902A,20190108,0.16,0.17,0.16,0.17,11885100
CPF01P1902A,20190108,0.34,0.34,0.33,0.33,5789100
CPF01P1902B,20190108,0.17,0.17,0.15,0.15,5499800
CPF08C1904A,20190108,0.12,0.13,0.12,0.13,2074200
CPF11C1902A,20190108,0.01,0.01,0.01,0.01,72400
CPF11C1910A,20190108,0.58,0.58,0.56,0.56,160000
CPF11P1902A,20190108,0.09,0.09,0.08,0.08,110000
CPF13C1902A,20190108,0.05,0.05,0.05,0.05,70000
CPF13C1903A,20190108,0.31,0.31,0.31,0.31,2411200
CPF13C1905A,20190108,0.15,0.15,0.15,0.15,5591200
CPF19C1901A,20190108,0.03,0.03,0.03,0.03,1069300
CPF19C1904A,20190108,0.42,0.45,0.42,0.42,927700
CPF24C1902A,20190108,0.01,0.01,0.01,0.01,15200
CPF24C1904A,20190108,0.42,0.42,0.42,0.42,1200
CPN01C1902A,20190108,0.24,0.25,0.22,0.24,2684900
CPN01C1902B,20190108,0.06,0.06,0.06,0.06,1522600
CPN01P1902A,20190108,0.97,0.99,0.94,0.94,3556600
CPN06C1903A,20190108,0.25,0.28,0.24,0.26,2099900
CPN08C1903A,20190108,0.16,0.17,0.16,0.17,272200
CPN11C1903A,20190108,0.05,0.05,0.05,0.05,110000
CPN11C1910A,20190108,0.49,0.5,0.48,0.5,2440400
CPN11P1903A,20190108,0.1,0.1,0.08,0.1,45300
CPN13C1903A,20190108,0.19,0.2,0.19,0.2,2697000
CPN27C1903A,20190108,0.1,0.11,0.1,0.11,1560000
CPN28C1904A,20190108,0.17,0.18,0.17,0.17,3578200
DTAC01C1902A,20190108,0.64,0.69,0.64,0.68,10412200
DTAC01C1902B,20190108,0.33,0.36,0.33,0.36,17708400
DTAC01C1905A,20190108,0.45,0.49,0.45,0.48,13780800
DTAC01C1905B,20190108,0.34,0.37,0.34,0.36,16087400
DTAC01P1902A,20190108,0.38,0.38,0.35,0.35,4983300
DTAC01P1902B,20190108,0.12,0.12,0.12,0.12,1596000
DTAC01P1905A,20190108,0.85,0.85,0.81,0.81,5389900
DTAC06C1901A,20190108,0.02,0.02,0.01,0.01,330100
DTAC06C1903A,20190108,0.23,0.25,0.23,0.25,780800
DTAC06P1903A,20190108,0.31,0.31,0.27,0.27,2456200
DTAC08C1903A,20190108,0.2,0.23,0.2,0.23,2087400
DTAC08P1902A,20190108,0.02,0.02,0.02,0.02,400000
DTAC11C1904A,20190108,0.16,0.18,0.16,0.18,961200
DTAC13C1902A,20190108,0.08,0.09,0.08,0.09,1650400
DTAC13C1904A,20190108,0.32,0.36,0.32,0.36,10302100
DTAC13P1903A,20190108,0.24,0.26,0.22,0.22,2162600
DTAC19C1904A,20190108,0.36,0.39,0.36,0.39,3840700
DTAC23C1906A,20190108,0.29,0.31,0.29,0.31,2600000
DTAC27C1903A,20190108,0.17,0.19,0.17,0.19,1440000
DTAC27P1903A,20190108,0.23,0.23,0.21,0.21,540000
DTAC28C1902A,20190108,0.1,0.11,0.1,0.11,1833600
DTAC28C1905A,20190108,0.33,0.37,0.33,0.37,10302800
DTAC42C1903A,20190108,0.21,0.23,0.21,0.23,1432000
EA07C1903A,20190108,0.46,0.49,0.46,0.47,48100
EA08C1903A,20190108,0.39,0.4,0.38,0.4,1268800
EA08C1903B,20190108,0.13,0.14,0.13,0.14,1879200
EA11C1902A,20190108,0.06,0.06,0.06,0.06,1232500
EA13C1901A,20190108,0.02,0.02,0.02,0.02,807100
EA13C1903A,20190108,0.12,0.13,0.12,0.12,3478100
EA13C1905A,20190108,0.34,0.36,0.34,0.35,8941500
EA19C1902A,20190108,0.25,0.26,0.25,0.26,5822200
EA23C1901A,20190108,0.21,0.23,0.21,0.22,2300000
EA27C1902A,20190108,0.53,0.54,0.52,0.53,550400
EA28C1905A,20190108,0.33,0.34,0.33,0.33,7031900
EGCO01C1903A,20190108,0.66,0.67,0.66,0.66,1308700
EGCO01C1903B,20190108,0.4,0.43,0.4,0.4,911900
EGCO19C1901A,20190108,0.22,0.23,0.22,0.22,3466300
EPG01C1903A,20190108,0.08,0.08,0.08,0.08,1500000
EPG01C1903B,20190108,0.03,0.03,0.03,0.03,5000
EPG01P1903A,20190108,1.37,1.39,1.35,1.35,929500
EPG07C1906A,20190108,0.17,0.17,0.16,0.17,800000
EPG11C1903A,20190108,0.1,0.11,0.1,0.11,390600
EPG13C1903A,20190108,0.04,0.04,0.04,0.04,100
EPG13C1905A,20190108,0.18,0.18,0.17,0.17,5449800
EPG19C1904A,20190108,0.12,0.12,0.11,0.12,1212400
EPG28C1904A,20190108,0.09,0.09,0.09,0.09,1618300
ERW13C1902A,20190108,0.02,0.02,0.02,0.02,3000
ERW19C1902A,20190108,0.08,0.09,0.08,0.09,2372000
ERW19C1906A,20190108,0.48,0.51,0.48,0.5,5866700
ERW24C1904A,20190108,0.13,0.13,0.13,0.13,2000
ESSO01C1906A,20190108,0.28,0.28,0.26,0.27,6424700
ESSO01C1906B,20190108,0.2,0.21,0.19,0.2,6477500
ESSO01P1906A,20190108,0.73,0.75,0.71,0.73,4362300
ESSO11C1905A,20190108,0.17,0.18,0.17,0.17,662500
ESSO13C1905A,20190108,0.15,0.16,0.15,0.15,4334800
ESSO19C1906A,20190108,0.25,0.26,0.24,0.25,2649600
ESSO28C1904A,20190108,0.1,0.1,0.1,0.1,319600
GFPT08C1906A,20190108,0.22,0.26,0.22,0.26,2281000
GFPT13C1902A,20190108,0.02,0.03,0.02,0.03,12200
GFPT19C1903A,20190108,0.09,0.1,0.09,0.1,1478200
GGC13C1905A,20190108,0.19,0.19,0.19,0.19,739800
GGC13C1908A,20190108,0.25,0.25,0.25,0.25,1223200
GGC19C1902A,20190108,0.09,0.09,0.09,0.09,356800
GGC19C1906A,20190108,0.68,0.68,0.66,0.66,220000
GLOB01C1903A,20190108,0.29,0.32,0.24,0.29,64801800
GLOB01C1903B,20190108,0.15,0.16,0.11,0.15,22293200
GLOB11C1906A,20190108,0.16,0.17,0.14,0.17,3060900
GLOB13C1901A,20190108,0.02,0.02,0.02,0.02,100000
GLOB19C1901A,20190108,0.08,0.1,0.05,0.09,10460500
GLOB23C1906A,20190108,0.21,0.24,0.19,0.23,5338800
GLOB24C1903A,20190108,0.04,0.04,0.04,0.04,200000
GLOB24C1906A,20190108,0.17,0.17,0.14,0.17,552000
GLOW13C1905A,20190108,0.66,0.66,0.66,0.66,4568400
GLOW19C1901A,20190108,0.04,0.04,0.04,0.04,400
GLOW19C1906A,20190108,1.03,1.03,1.02,1.02,1340000
GPSC01C1902A,20190108,0.13,0.13,0.11,0.12,2946800
GPSC01C1905A,20190108,0.66,0.67,0.63,0.63,4222800
GPSC01C1905B,20190108,0.57,0.57,0.51,0.52,4735200
GPSC01P1902A,20190108,1.47,1.56,1.47,1.52,3403800
GPSC06C1903A,20190108,0.4,0.4,0.35,0.36,4900400
GPSC08C1902A,20190108,0.01,0.01,0.01,0.01,13700
GPSC11C1909A,20190108,0.51,0.51,0.48,0.51,1627600
GPSC13C1903A,20190108,0.09,0.09,0.08,0.08,1601800
GPSC13C1904A,20190108,0.39,0.39,0.36,0.37,8526600
GPSC19C1905A,20190108,0.58,0.58,0.55,0.57,2317200
GPSC24C1904A,20190108,0.14,0.14,0.14,0.14,200
GPSC24C1904B,20190108,0.39,0.39,0.35,0.36,360100
GPSC28C1904A,20190108,0.3,0.3,0.27,0.29,6326800
GULF13C1906A,20190108,0.85,0.95,0.83,0.93,117874100
GUNK11C1903A,20190108,0.03,0.03,0.03,0.03,100
GUNK13C1903A,20190108,0.12,0.12,0.11,0.11,586300
GUNK13C1905A,20190108,0.28,0.28,0.25,0.26,2280800
GUNK19C1903A,20190108,0.28,0.28,0.24,0.25,1270000
GUNK19C1906A,20190108,0.27,0.27,0.24,0.24,1197600
GUNK24C1903A,20190108,0.13,0.14,0.12,0.12,1684000
GUNK27C1905A,20190108,0.23,0.23,0.21,0.22,1260000
GUNK28C1903A,20190108,0.13,0.13,0.12,0.12,456000
HANA01C1905A,20190108,0.16,0.17,0.16,0.16,7859700
HANA01C1905B,20190108,0.12,0.13,0.12,0.12,4909500
HANA11C1904A,20190108,0.05,0.05,0.05,0.05,10000
HANA13C1905A,20190108,0.11,0.11,0.11,0.11,2946900
HANA19C1906A,20190108,0.23,0.26,0.23,0.24,3291700
HANA28C1902A,20190108,0.02,0.02,0.02,0.02,200000
HANA28C1904A,20190108,0.08,0.09,0.08,0.08,2969000
HMPR01C1902A,20190108,0.33,0.33,0.3,0.31,5429300
HMPR01C1902B,20190108,0.19,0.19,0.17,0.18,4422600
HMPR01P1902A,20190108,0.24,0.27,0.24,0.25,3684400
HMPR11C1906A,20190108,0.17,0.17,0.15,0.15,225500
HMPR13C1905A,20190108,0.2,0.2,0.18,0.19,9128700
HMPR19C1901A,20190108,0.22,0.22,0.19,0.21,6238800
HMPR27C1905A,20190108,0.26,0.26,0.24,0.25,360000
HMPR27P1905A,20190108,0.27,0.29,0.27,0.28,450000
HMPR28C1903A,20190108,0.1,0.1,0.09,0.09,3657600
INTU01C1903A,20190108,0.16,0.18,0.16,0.17,3249100
INTU01C1903B,20190108,0.04,0.04,0.04,0.04,5000
INTU01P1903A,20190108,0.91,0.91,0.85,0.86,2735300
INTU01P1903B,20190108,0.61,0.61,0.54,0.56,3287200
INTU11C1905A,20190108,0.05,0.05,0.05,0.05,200
INTU11P1905A,20190108,0.3,0.3,0.26,0.26,306400
INTU13C1904A,20190108,0.16,0.19,0.16,0.17,5073000
INTU19C1906A,20190108,0.34,0.37,0.34,0.36,1518000
INTU24C1909A,20190108,0.19,0.19,0.19,0.19,1000
INTU28C1904A,20190108,0.09,0.1,0.09,0.1,1336700
INTU28C1905A,20190108,0.29,0.33,0.29,0.32,4082000
INTU42P1904A,20190108,0.36,0.36,0.31,0.31,248800
IRPC01C1903A,20190108,0.1,0.12,0.1,0.12,3263000
IRPC01C1903B,20190108,0.04,0.04,0.04,0.04,70000
IRPC01C1906A,20190108,0.33,0.33,0.31,0.33,11309400
IRPC01C1906B,20190108,0.27,0.28,0.26,0.28,18263400
IRPC01P1903A,20190108,0.63,0.65,0.6,0.6,6032800
IRPC01P1903B,20190108,0.42,0.46,0.42,0.42,6754800
IRPC06C1903A,20190108,0.08,0.1,0.08,0.09,2383000
IRPC08C1902A,20190108,0.06,0.06,0.06,0.06,200
IRPC11C1902A,20190108,0.01,0.01,0.01,0.01,70000
IRPC11C1905A,20190108,0.11,0.11,0.11,0.11,927000
IRPC13C1903A,20190108,0.13,0.14,0.13,0.14,7327600
IRPC19C1901A,20190108,0.03,0.03,0.03,0.03,360000
IRPC19C1905A,20190108,0.23,0.25,0.22,0.25,3978200
IRPC24C1904A,20190108,0.13,0.13,0.13,0.13,30000
IRPC27C1903A,20190108,0.07,0.07,0.07,0.07,120000
IRPC27P1905A,20190108,0.32,0.34,0.32,0.32,900100
IRPC28C1902A,20190108,0.02,0.02,0.02,0.02,800
IRPC28C1904A,20190108,0.12,0.13,0.12,0.13,3971800
ITD06C1904A,20190108,0.02,0.02,0.02,0.02,498000
ITD13C1908A,20190108,0.23,0.23,0.22,0.22,5707800
ITD19C1906A,20190108,0.22,0.23,0.22,0.22,1260000
ITD28C1907A,20190108,0.19,0.19,0.19,0.19,2357500
IVL01C1903A,20190108,0.29,0.32,0.29,0.3,19889500
IVL01C1903B,20190108,0.15,0.16,0.15,0.16,24555000
IVL01C1905A,20190108,0.49,0.53,0.49,0.51,22652600
IVL01C1905B,20190108,0.4,0.44,0.4,0.42,27073600
IVL01P1903A,20190108,0.95,0.95,0.9,0.92,5166700
IVL01P1903B,20190108,0.63,0.63,0.57,0.59,3344100
IVL01P1905A,20190108,0.66,0.66,0.62,0.64,8639400
IVL06C1901A,20190108,0.01,0.02,0.01,0.02,343500
IVL06C1903A,20190108,0.23,0.27,0.23,0.24,5181000
IVL07C1906A,20190108,0.44,0.47,0.44,0.47,233000
IVL08C1901A,20190108,0.06,0.07,0.06,0.07,2053000
IVL08C1905A,20190108,0.35,0.39,0.35,0.37,3735900
IVL08P1903A,20190108,0.4,0.4,0.36,0.37,2990400
IVL11C1906A,20190108,0.2,0.22,0.2,0.21,2675000
IVL13C1903A,20190108,0.11,0.13,0.11,0.12,9518400
IVL13C1904A,20190108,0.3,0.34,0.3,0.32,17102400
IVL13P1902A,20190108,0.14,0.14,0.12,0.12,1753200
IVL13P1903A,20190108,0.14,0.14,0.13,0.13,2376000
IVL19C1903A,20190108,0.23,0.26,0.23,0.24,9244400
IVL19P1903A,20190108,0.2,0.2,0.19,0.2,4865600
IVL23C1906A,20190108,0.33,0.35,0.33,0.35,7400000
IVL24C1901A,20190108,0.02,0.02,0.02,0.02,100
IVL24C1906A,20190108,0.35,0.4,0.35,0.38,1906400
IVL27C1902A,20190108,0.08,0.09,0.08,0.08,840000
IVL28C1902A,20190108,0.05,0.05,0.05,0.05,100200
IVL28C1903A,20190108,0.22,0.25,0.22,0.23,19136000
IVL28P1904A,20190108,0.24,0.24,0.22,0.22,1338100
IVL42C1903A,20190108,0.12,0.12,0.12,0.12,102000
KBAN01C1901A,20190108,0.46,0.46,0.45,0.45,2692600
KBAN01C1901B,20190108,0.01,0.01,0.01,0.01,160000
KBAN01C1904A,20190108,0.2,0.2,0.19,0.19,191700
KBAN01C1904B,20190108,0.08,0.08,0.07,0.08,45200
KBAN01C1907A,20190108,0.91,0.92,0.9,0.9,4950900
KBAN01C1907B,20190108,0.76,0.78,0.75,0.75,7494800
KBAN01P1901A,20190108,0.98,1.02,0.98,1,1819400
KBAN01P1904A,20190108,0.89,0.9,0.89,0.9,3660100
KBAN01P1904B,20190108,0.6,0.61,0.6,0.6,5115100
KBAN01P1907A,20190108,0.93,0.95,0.93,0.94,4361500
KBAN08C1903A,20190108,0.02,0.02,0.02,0.02,59200
KBAN13C1904A,20190108,0.1,0.1,0.1,0.1,1856600
KBAN13C1904B,20190108,0.33,0.33,0.31,0.31,11107100
KBAN13P1905A,20190108,0.73,0.75,0.73,0.74,10650300
KBAN19C1906A,20190108,0.61,0.61,0.6,0.6,2874400
KBAN19P1904A,20190108,0.63,0.65,0.63,0.64,2946400
KBAN24P1907A,20190108,0.5,0.5,0.5,0.5,3000
KBAN27C1903A,20190108,0.07,0.07,0.07,0.07,600000
KBAN28C1905A,20190108,0.27,0.27,0.27,0.27,3964100
KBAN28P1904A,20190108,0.48,0.49,0.48,0.49,6035700
KCE01C1903A,20190108,0.02,0.02,0.02,0.02,4435200
KCE01C1906A,20190108,0.31,0.31,0.29,0.3,3390000
KCE01C1906B,20190108,0.23,0.24,0.23,0.23,803500
KCE08C1905A,20190108,0.23,0.23,0.22,0.23,1499200
KCE11C1904A,20190108,0.01,0.02,0.01,0.02,51000
KCE11C1906A,20190108,0.22,0.23,0.22,0.23,120400
KCE13C1904A,20190108,0.04,0.04,0.03,0.04,1011800
KCE13C1905A,20190108,0.16,0.16,0.14,0.16,2346400
KCE19C1906A,20190108,0.32,0.32,0.3,0.31,1706000
KCE28C1905A,20190108,0.17,0.17,0.16,0.17,3420400
KKP01C1902A,20190108,0.2,0.2,0.2,0.2,1597800
KKP01C1902B,20190108,0.03,0.03,0.03,0.03,250000
KKP19C1906A,20190108,0.56,0.56,0.56,0.56,260000
KKP28C1905A,20190108,0.27,0.27,0.27,0.27,2287400
KTB01C1903A,20190108,0.28,0.3,0.28,0.3,3945300
KTB01C1903B,20190108,0.19,0.2,0.19,0.2,5942800
KTB01P1903A,20190108,0.43,0.43,0.4,0.4,1634600
KTB01P1903B,20190108,0.3,0.3,0.29,0.29,1686000
KTB06C1902A,20190108,0.19,0.2,0.19,0.2,1181000
KTB08C1903A,20190108,0.15,0.15,0.15,0.15,188100
KTB11C1909A,20190108,0.24,0.24,0.24,0.24,410000
KTB13C1901A,20190108,0.32,0.32,0.32,0.32,100
KTB13C1903A,20190108,0.14,0.14,0.14,0.14,207600
KTB19C1901A,20190108,0.14,0.15,0.14,0.15,1113000
KTB23C1906A,20190108,0.31,0.32,0.31,0.32,1600000
KTB27C1905A,20190108,0.24,0.24,0.24,0.24,90000
KTB28C1903A,20190108,0.1,0.11,0.1,0.11,405000
KTB42C1903A,20190108,0.16,0.17,0.16,0.17,303100
KTB42P1903A,20190108,0.12,0.12,0.11,0.11,204000
KTC01C1901A,20190108,0.28,0.29,0.28,0.28,5633100
KTC01C1901B,20190108,0.09,0.09,0.09,0.09,2077000
KTC08C1903A,20190108,0.26,0.26,0.25,0.26,1456300
KTC11C1902A,20190108,0.7,0.71,0.65,0.71,106000
KTC13C1903A,20190108,0.15,0.15,0.14,0.14,6728400
KTC13C1906A,20190108,0.31,0.32,0.3,0.31,29213700
KTC19C1901A,20190108,0.31,0.33,0.29,0.31,1415700
KTC19C1903A,20190108,0.13,0.13,0.12,0.13,8505100
KTC19P1903A,20190108,0.27,0.28,0.26,0.27,6953000
KTC27C1903A,20190108,0.26,0.27,0.26,0.26,1693000
KTC27P1903A,20190108,0.15,0.15,0.15,0.15,1180100
KTC27P1905A,20190108,0.41,0.41,0.4,0.4,1174600
KTC28C1905A,20190108,0.33,0.34,0.32,0.33,8685700
LH01C1903A,20190108,0.1,0.11,0.1,0.11,6952100
LH13C1902A,20190108,0.06,0.06,0.06,0.06,371400
LH13C1906A,20190108,0.2,0.2,0.2,0.2,1168800
LH19C1906A,20190108,0.39,0.39,0.38,0.39,481500
LH27C1905A,20190108,0.13,0.13,0.13,0.13,360000
LH27P1905A,20190108,0.32,0.32,0.32,0.32,180000
LPN01C1905A,20190108,0.06,0.06,0.06,0.06,1467000
LPN08C1908A,20190108,0.26,0.26,0.25,0.25,2887800
LPN13C1908A,20190108,0.35,0.35,0.34,0.34,2387700
LPN19C1904A,20190108,0.02,0.02,0.02,0.02,500000
LPN19C1906A,20190108,0.24,0.25,0.23,0.23,760900
LPN28C1907A,20190108,0.28,0.28,0.26,0.27,4849600
MAJO19C1904A,20190108,0.2,0.22,0.2,0.21,488800
MEGA01C1904A,20190108,0.19,0.19,0.18,0.18,41600
MEGA19C1906A,20190108,0.26,0.26,0.26,0.26,10000
MINT01C1901A,20190108,0.2,0.2,0.19,0.2,7494200
MINT01C1901B,20190108,0.01,0.01,0.01,0.01,22000
MINT01C1906A,20190108,0.33,0.34,0.32,0.33,4011300
MINT01C1906B,20190108,0.3,0.3,0.29,0.3,7622800
MINT01P1901A,20190108,0.14,0.16,0.14,0.14,11632200
MINT01P1906A,20190108,0.43,0.43,0.42,0.42,3743800
MINT06C1903A,20190108,0.02,0.02,0.02,0.02,100000
MINT11C1910A,20190108,0.3,0.3,0.3,0.3,1475000
MINT13C1904A,20190108,0.14,0.14,0.14,0.14,3892200
MINT19C1901A,20190108,0.06,0.06,0.05,0.05,100900
MINT27P1905A,20190108,0.43,0.43,0.43,0.43,450000
MINT42P1904A,20190108,0.37,0.38,0.37,0.37,690000
MONO08C1906A,20190108,0.01,0.02,0.01,0.02,1325100
MTC06C1901A,20190108,0.99,1.01,0.99,0.99,508400
MTC06C1903A,20190108,0.32,0.33,0.32,0.32,680000
MTC08C1902A,20190108,0.55,0.57,0.55,0.56,725500
MTC08C1904A,20190108,0.17,0.17,0.16,0.17,1148600
MTC11C1904A,20190108,0.52,0.52,0.51,0.51,304000
MTC13C1903A,20190108,0.26,0.26,0.25,0.26,6801700
MTC19C1901A,20190108,0.57,0.58,0.57,0.58,877000
MTC19C1903A,20190108,0.27,0.28,0.27,0.27,733000
MTC23C1906A,20190108,0.27,0.28,0.27,0.28,1200000
MTC24C1912A,20190108,0.71,0.72,0.71,0.72,3500
MTC27C1904A,20190108,0.44,0.44,0.44,0.44,90000
MTC28C1903A,20190108,0.15,0.15,0.15,0.15,2336300
ORI08C1904A,20190108,0.03,0.03,0.03,0.03,10900
ORI11C1909A,20190108,0.48,0.49,0.46,0.47,1928700
ORI13C1902A,20190108,0.01,0.01,0.01,0.01,100
ORI13C1904A,20190108,0.04,0.05,0.04,0.05,300100
ORI13C1904B,20190108,0.27,0.27,0.25,0.26,6777800
ORI19C1904A,20190108,0.02,0.02,0.02,0.02,30000
ORI19C1905A,20190108,0.36,0.37,0.34,0.34,1734300
ORI28C1904A,20190108,0.33,0.34,0.31,0.32,3081800
ORI28C1904B,20190108,0.2,0.2,0.18,0.19,2310100
PRM13C1904A,20190108,0.04,0.04,0.04,0.04,25000
PRM19C1906A,20190108,0.17,0.17,0.15,0.15,758400
PSL19C1903A,20190108,0.04,0.04,0.03,0.03,2000
PTG01C1902A,20190108,0.07,0.07,0.06,0.06,2450000
PTG01C1905A,20190108,0.88,0.89,0.87,0.88,1903900
PTG01C1905B,20190108,0.78,0.79,0.77,0.78,1744800
PTG01P1902A,20190108,0.75,0.8,0.75,0.77,4573100
PTG06C1904A,20190108,0.04,0.04,0.04,0.04,375000
PTG08C1906A,20190108,0.65,0.65,0.61,0.62,974800
PTG11C1906A,20190108,0.53,0.53,0.52,0.53,280800
PTG13C1903A,20190108,0.08,0.08,0.08,0.08,10000
PTG13C1904A,20190108,0.46,0.46,0.42,0.43,14970800
PTG19C1902A,20190108,0.01,0.01,0.01,0.01,100
PTG19C1905A,20190108,0.77,0.78,0.75,0.77,1481600
PTG19P1903A,20190108,0.22,0.23,0.22,0.23,4449600
PTG24C1905A,20190108,0.77,0.77,0.76,0.76,600100
PTG28C1904A,20190108,0.38,0.38,0.37,0.38,2767300
PTT01C1901A,20190108,0.4,0.42,0.38,0.39,24665200
PTT01C1901B,20190108,0.11,0.11,0.1,0.1,59267600
PTT01C1904A,20190108,0.27,0.27,0.24,0.24,23262000
PTT01C1904B,20190108,0.13,0.14,0.12,0.12,2637400
PTT01P1901A,20190108,0.33,0.36,0.32,0.35,7353200
PTT01P1901B,20190108,0.04,0.05,0.04,0.05,250000
PTT01P1904A,20190108,0.81,0.83,0.79,0.82,11163800
PTT01P1904B,20190108,0.57,0.58,0.57,0.57,9328900
PTT06C1901A,20190108,0.05,0.06,0.05,0.05,1152000
PTT06C1903A,20190108,0.13,0.13,0.11,0.11,570000
PTT06P1901A,20190108,0.19,0.21,0.18,0.2,2714000
PTT06P1903A,20190108,0.22,0.24,0.22,0.23,3202000
PTT08C1902A,20190108,0.05,0.05,0.05,0.05,253900
PTT08P1904A,20190108,0.46,0.49,0.46,0.49,1524200
PTT11C1902A,20190108,0.03,0.03,0.01,0.03,516700
PTT11C1909A,20190108,0.24,0.24,0.24,0.24,1370000
PTT13C1903A,20190108,0.16,0.16,0.14,0.16,21135900
PTT13C1906A,20190108,0.38,0.39,0.37,0.37,28792000
PTT13P1902A,20190108,0.25,0.28,0.25,0.27,20033000
PTT16C1912A,20190108,0.6,0.6,0.58,0.58,600
PTT19C1901A,20190108,0.05,0.06,0.05,0.05,122300
PTT19C1906A,20190108,0.45,0.45,0.43,0.43,4644600
PTT19P1903A,20190108,0.23,0.24,0.23,0.24,3020000
PTT23C1906A,20190108,0.25,0.25,0.24,0.24,8125000
PTT24P1904A,20190108,0.18,0.18,0.17,0.17,1008800
PTT27C1903A,20190108,0.12,0.12,0.11,0.11,1200000
PTT27P1903A,20190108,0.29,0.31,0.29,0.3,900000
PTT28C1904A,20190108,0.22,0.23,0.21,0.21,2772100
PTT28P1903A,20190108,0.29,0.33,0.29,0.32,4386400
PTTE01C1901A,20190108,0.13,0.14,0.12,0.13,6433200
PTTE01C1901B,20190108,0.01,0.01,0.01,0.01,580500
PTTE01C1904A,20190108,0.17,0.18,0.16,0.17,9537700
PTTE01C1904B,20190108,0.07,0.08,0.07,0.08,1833100
PTTE01C1907A,20190108,0.82,0.85,0.81,0.84,9810800
PTTE01C1907B,20190108,0.7,0.72,0.69,0.72,12789800
PTTE01P1901A,20190108,1.36,1.39,1.31,1.32,3406400
PTTE01P1901B,20190108,0.29,0.31,0.27,0.27,11467200
PTTE01P1904A,20190108,1.82,1.86,1.79,1.79,4178200
PTTE01P1904B,20190108,1.47,1.5,1.43,1.43,3108500
PTTE01P1907A,20190108,0.92,0.93,0.89,0.89,7343200
PTTE01P1907B,20190108,0.74,0.74,0.72,0.72,8316500
PTTE06C1903A,20190108,0.1,0.1,0.1,0.1,463000
PTTE07C1904A,20190108,0.07,0.07,0.07,0.07,300000
PTTE08C1904A,20190108,0.09,0.09,0.09,0.09,637800
PTTE08C1906A,20190108,0.59,0.62,0.58,0.62,2958900
PTTE08P1904A,20190108,1.5,1.5,1.44,1.44,1269000
PTTE11C1902A,20190108,0.05,0.05,0.05,0.05,1540000
PTTE11C1910A,20190108,0.6,0.61,0.6,0.61,3950000
PTTE13C1904A,20190108,0.2,0.21,0.19,0.2,13016800
PTTE13C1905A,20190108,0.4,0.41,0.38,0.4,11886700
PTTE13P1901A,20190108,0.13,0.13,0.09,0.09,414100
PTTE13P1905A,20190108,0.58,0.59,0.55,0.56,9973600
PTTE19C1903A,20190108,0.07,0.08,0.07,0.08,192000
PTTE19C1906A,20190108,0.59,0.61,0.57,0.61,4802700
PTTE19P1903A,20190108,0.67,0.68,0.63,0.64,3255000
PTTE23C1906A,20190108,0.2,0.21,0.2,0.21,9540000
PTTE24P1901A,20190108,0.06,0.06,0.05,0.05,351400
PTTE28C1905A,20190108,0.31,0.32,0.3,0.32,11785600
PTTE28P1903A,20190108,1,1.01,0.96,0.96,27800
PTTE41C1905A,20190108,0.27,0.27,0.26,0.26,200
PTTE42C1903A,20190108,0.1,0.1,0.1,0.1,102000
PTTG01C1901A,20190108,0.39,0.39,0.37,0.37,13769800
PTTG01C1904A,20190108,0.37,0.38,0.36,0.36,3551800
PTTG01C1904B,20190108,0.17,0.17,0.16,0.17,16850800
PTTG01P1901A,20190108,0.71,0.74,0.7,0.72,4053400
PTTG01P1901B,20190108,0.17,0.18,0.17,0.17,9027300
PTTG01P1904A,20190108,1.46,1.47,1.45,1.46,3364800
PTTG01P1904B,20190108,1.2,1.21,1.2,1.2,3929800
PTTG06C1903A,20190108,0.27,0.27,0.26,0.26,3129900
PTTG06P1903A,20190108,0.28,0.28,0.28,0.28,1813000
PTTG07C1908A,20190108,0.44,0.44,0.44,0.44,60000
PTTG08P1904A,20190108,0.63,0.64,0.63,0.63,1782100
PTTG11C1902A,20190108,0.01,0.06,0.01,0.06,51900
PTTG11C1909A,20190108,0.44,0.44,0.43,0.43,2746400
PTTG13C1904A,20190108,0.29,0.29,0.27,0.27,10085400
PTTG19C1902A,20190108,0.11,0.11,0.11,0.11,5782000
PTTG23C1906A,20190108,0.2,0.2,0.2,0.2,1658400
PTTG24P1905A,20190108,0.71,0.72,0.71,0.72,3021000
PTTG27P1903A,20190108,0.16,0.16,0.16,0.16,900000
PTTG28C1904A,20190108,0.2,0.2,0.2,0.2,6547200
PTTG42P1904A,20190108,0.78,0.79,0.78,0.79,1591200
QH01P1903A,20190108,1.2,1.2,1.2,1.2,642400
QH11C1910A,20190108,0.23,0.23,0.23,0.23,80000
QH19C1904A,20190108,0.08,0.09,0.08,0.09,12000
QH27P1905A,20190108,0.51,0.51,0.5,0.5,895000
RATC19C1901A,20190108,0.07,0.07,0.07,0.07,1516000
ROBI01C1903A,20190108,0.58,0.61,0.58,0.58,6052500
ROBI01C1903B,20190108,0.31,0.33,0.3,0.3,10408400
ROBI06C1903A,20190108,0.27,0.28,0.26,0.26,1160000
ROBI08C1903A,20190108,0.22,0.24,0.22,0.22,1258000
ROBI11C1906A,20190108,0.31,0.32,0.31,0.31,552200
ROBI13C1902A,20190108,0.16,0.17,0.15,0.15,7017800
ROBI19C1901A,20190108,0.26,0.28,0.25,0.25,2650000
ROBI24C1903A,20190108,0.26,0.26,0.26,0.26,30000
ROBI27C1905A,20190108,0.37,0.39,0.37,0.37,1350000
RS08C1901A,20190108,0.02,0.02,0.02,0.02,55600
RS13C1901A,20190108,0.03,0.03,0.02,0.02,8144200
RS13C1905A,20190108,0.29,0.34,0.28,0.31,24852600
RS19C1901A,20190108,0.02,0.02,0.02,0.02,49500
RS19C1906A,20190108,0.47,0.51,0.46,0.49,4389800
RS24C1904A,20190108,0.29,0.3,0.29,0.29,17624000
RS27C1905A,20190108,0.3,0.33,0.3,0.33,2435000
S10001C1911A,20190108,0.77,0.77,0.75,0.77,89800
S5001C1901A,20190108,0.08,0.09,0.06,0.07,9459200
S5001C1901B,20190108,0.02,0.03,0.01,0.03,3042800
S5001C1902A,20190108,0.26,0.27,0.23,0.25,24109400
S5001C1902B,20190108,0.12,0.13,0.11,0.12,9698800
S5001C1903F,20190108,0.47,0.48,0.44,0.46,170840100
S5001C1903G,20190108,0.87,0.9,0.83,0.88,202578400
S5001C1904A,20190108,0.96,0.97,0.92,0.95,8064500
S5001C1904B,20190108,0.87,0.89,0.85,0.88,9906500
S5001P1901A,20190108,1.43,1.47,1.4,1.42,6070300
S5001P1901B,20190108,1.21,1.27,1.18,1.21,17909100
S5001P1902A,20190108,1.12,1.16,1.11,1.13,14309500
S5001P1902B,20190108,0.99,1.05,0.98,1,104128400
S5001P1903F,20190108,1.05,1.1,1.02,1.05,232436300
S5001P1903G,20190108,0.86,0.9,0.84,0.86,146385900
S5001P1904A,20190108,0.92,0.96,0.92,0.93,3926300
S5001P1904B,20190108,0.83,0.87,0.81,0.83,644200
S5006C1903A,20190108,0.4,0.41,0.37,0.39,1269700
S5006C1903B,20190108,0.55,0.58,0.53,0.57,1134800
S5006C1903C,20190108,0.79,0.82,0.75,0.8,6876000
S5006C1903D,20190108,0.32,0.33,0.29,0.32,10780700
S5006P1903A,20190108,1.1,1.13,1.07,1.07,1477600
S5006P1903B,20190108,0.85,0.86,0.79,0.8,653300
S5006P1903C,20190108,0.59,0.63,0.56,0.57,14297300
S5006P1903D,20190108,0.45,0.51,0.43,0.43,12174100
S5008C1903A,20190108,0.31,0.32,0.29,0.32,11011200
S5008P1903A,20190108,0.62,0.67,0.6,0.6,19971100
S5013C1903A,20190108,0.37,0.38,0.34,0.36,366743800
S5013C1903B,20190108,0.68,0.69,0.62,0.66,581466800
S5013C1903C,20190108,1.03,1.05,0.98,1.03,286611300
S5013P1903A,20190108,1.16,1.22,1.13,1.15,206755400
S5013P1903B,20190108,0.63,0.67,0.61,0.61,501760100
S5013P1903C,20190108,0.5,0.53,0.47,0.48,1091286000
S5028C1901A,20190108,0.12,0.14,0.1,0.13,505800
S5028C1903A,20190108,0.31,0.32,0.3,0.31,396200
S5028C1903B,20190108,0.5,0.51,0.46,0.49,143981000
S5028P1901A,20190108,0.5,0.52,0.42,0.46,363900
S5028P1903A,20190108,0.93,0.97,0.9,0.92,50305000
S5028P1903B,20190108,0.54,0.57,0.51,0.53,158733000
SAWA01C1901A,20190108,0.81,0.82,0.81,0.82,2261400
SAWA01C1901B,20190108,0.39,0.39,0.37,0.39,3701700
SAWA01P1901A,20190108,0.09,0.1,0.08,0.08,16250600
SAWA06C1903A,20190108,1.18,1.2,1.18,1.2,390100
SAWA08C1902A,20190108,0.72,0.74,0.72,0.74,186000
SAWA08C1903A,20190108,0.34,0.36,0.34,0.36,786800
SAWA11C1906A,20190108,0.51,0.52,0.51,0.52,401600
SAWA13C1903A,20190108,0.22,0.23,0.21,0.22,3649400
SAWA13C1904A,20190108,0.46,0.47,0.45,0.47,3513100
SAWA19C1901A,20190108,0.77,0.81,0.77,0.81,675000
SAWA19C1903A,20190108,0.33,0.34,0.33,0.34,1101100
SAWA28C1902A,20190108,0.2,0.21,0.2,0.21,2432200
SAWA28C1905A,20190108,0.41,0.43,0.41,0.43,2736600
SCB01C1902A,20190108,0.7,0.7,0.69,0.69,4457500
SCB01C1902B,20190108,0.27,0.27,0.26,0.26,20850400
SCB01C1904A,20190108,0.28,0.28,0.27,0.27,10432600
SCB01C1904B,20190108,0.14,0.14,0.14,0.14,7133200
SCB01P1902A,20190108,0.33,0.33,0.32,0.33,4906400
SCB01P1904A,20190108,1.1,1.1,1.08,1.09,2702700
SCB01P1904B,20190108,0.83,0.85,0.83,0.83,1844000
SCB06C1903A,20190108,0.19,0.19,0.18,0.18,1346000
SCB08C1901A,20190108,0.05,0.05,0.05,0.05,120000
SCB11C1910A,20190108,0.45,0.45,0.44,0.44,1120000
SCB11P1910A,20190108,0.67,0.68,0.67,0.68,1260000
SCB13C1902A,20190108,0.03,0.03,0.03,0.03,205100
SCB13C1905A,20190108,0.28,0.28,0.27,0.27,1499400
SCB13P1905A,20190108,0.48,0.48,0.47,0.47,4835400
SCB19C1905A,20190108,0.38,0.38,0.37,0.37,1972100
SCB24P1906A,20190108,0.4,0.4,0.4,0.4,2400
SCB27C1902A,20190108,0.08,0.08,0.08,0.08,120000
SCB27P1903A,20190108,0.2,0.21,0.2,0.21,720000
SCB28C1902A,20190108,0.02,0.02,0.02,0.02,10000
SCB28C1904A,20190108,0.2,0.2,0.19,0.19,6530000
SCB42C1903A,20190108,0.11,0.11,0.11,0.11,408000
SCC01C1901A,20190108,0.53,0.53,0.5,0.5,2106700
SCC01C1901B,20190108,0.18,0.18,0.16,0.16,3281400
SCC01P1901A,20190108,0.14,0.16,0.14,0.15,3725800
SCC08C1902A,20190108,0.08,0.08,0.08,0.08,230000
SCC11C1906A,20190108,0.11,0.11,0.1,0.1,106500
SCC13C1903A,20190108,0.08,0.08,0.08,0.08,264200
SCC13C1906A,20190108,0.31,0.31,0.3,0.3,220500
SCC19C1901A,20190108,0.07,0.07,0.07,0.07,800000
SCC24C1910A,20190108,0.3,0.3,0.3,0.3,600000
SCC27C1904A,20190108,0.22,0.22,0.22,0.22,90000
SCC27P1904A,20190108,0.44,0.46,0.44,0.45,403000
SCC28C1905A,20190108,0.21,0.21,0.2,0.2,21200
SCC42C1904A,20190108,0.11,0.11,0.09,0.09,138400
SGP06C1903A,20190108,0.21,0.25,0.21,0.25,894000
SGP11C1904A,20190108,0.04,0.04,0.03,0.03,172600
SGP13C1905A,20190108,0.32,0.35,0.31,0.35,12982200
SGP19C1905A,20190108,0.4,0.43,0.39,0.43,1660200
SGP28C1904A,20190108,0.2,0.22,0.19,0.22,760500
SIRI01C1901A,20190108,0.02,0.02,0.02,0.02,100
SIRI01C1901B,20190108,0.01,0.01,0.01,0.01,500000
SIRI01C1907A,20190108,0.31,0.33,0.31,0.33,2302000
SIRI01C1907B,20190108,0.27,0.29,0.27,0.29,1787400
SIRI01P1901A,20190108,1.23,1.23,1.18,1.18,274000
SIRI01P1907A,20190108,0.39,0.39,0.36,0.36,451500
SIRI13C1902A,20190108,0.03,0.03,0.03,0.03,200
SIRI19C1906A,20190108,0.2,0.21,0.2,0.2,594200
SIRI28C1904A,20190108,0.05,0.05,0.05,0.05,20000
SPAL01C1907A,20190108,0.5,0.51,0.5,0.5,728600
SPAL01C1907B,20190108,0.45,0.46,0.43,0.43,744100
SPAL11C1910A,20190108,0.37,0.37,0.36,0.37,630000
SPAL13C1904A,20190108,0.12,0.12,0.11,0.11,1601000
SPAL19C1906A,20190108,0.3,0.3,0.28,0.28,635700
SPRC07C1903A,20190108,0.01,0.01,0.01,0.01,1100
SPRC11C1909A,20190108,0.08,0.08,0.08,0.08,2000
SPRC13C1905A,20190108,0.1,0.1,0.08,0.08,120000
SPRC19C1905A,20190108,0.08,0.08,0.07,0.07,901600
STA01C1904A,20190108,0.25,0.29,0.23,0.23,13249600
STA01C1904B,20190108,0.17,0.2,0.15,0.16,12209100
STA08C1904A,20190108,0.1,0.11,0.08,0.09,1823500
STA11C1909A,20190108,0.24,0.27,0.22,0.23,3792200
STA13C1901A,20190108,0.16,0.22,0.11,0.13,14800400
STA13C1902A,20190108,0.06,0.06,0.04,0.04,145200
STA19C1903A,20190108,0.5,0.57,0.45,0.46,10559300
STA19C1903B,20190108,0.08,0.1,0.06,0.07,3364200
STA27C1904A,20190108,0.14,0.17,0.13,0.13,1584200
STA28C1902A,20190108,0.08,0.11,0.07,0.07,6687300
STEC01C1902A,20190108,0.35,0.35,0.33,0.33,10743200
STEC01C1902B,20190108,0.16,0.16,0.14,0.15,13866200
STEC01P1902A,20190108,0.62,0.65,0.62,0.62,14195600
STEC06C1903A,20190108,0.16,0.16,0.16,0.16,440000
STEC08C1903A,20190108,0.12,0.12,0.11,0.11,1205700
STEC11C1903A,20190108,0.21,0.22,0.2,0.2,1955100
STEC13C1902A,20190108,0.13,0.13,0.12,0.12,4550400
STEC13C1903A,20190108,0.04,0.04,0.04,0.04,40000
STEC19C1901A,20190108,0.09,0.09,0.08,0.08,2592000
STEC27C1902A,20190108,0.37,0.37,0.34,0.35,2070000
SUPE19C1906A,20190108,0.18,0.19,0.18,0.18,2122000
TASC01C1903A,20190108,0.27,0.28,0.26,0.28,1648600
TASC01C1903B,20190108,0.12,0.12,0.12,0.12,2146200
TASC01P1903A,20190108,0.57,0.59,0.57,0.58,2972200
TASC08C1903A,20190108,0.13,0.13,0.13,0.13,167800
TASC13C1901A,20190108,0.01,0.01,0.01,0.01,36300
TASC13C1904A,20190108,0.21,0.21,0.2,0.21,22896800
TASC19C1902A,20190108,0.11,0.11,0.09,0.11,2819900
TASC23C1902A,20190108,0.07,0.07,0.07,0.07,100000
TASC27C1905A,20190108,0.26,0.26,0.26,0.26,90000
TASC28C1904A,20190108,0.08,0.08,0.08,0.08,4632200
TCAP01C1901A,20190108,0.49,0.5,0.49,0.49,1786700
TCAP01C1901B,20190108,0.18,0.18,0.18,0.18,200
TCAP01P1901A,20190108,0.1,0.11,0.1,0.11,2497700
TCAP11C1909A,20190108,0.24,0.24,0.24,0.24,5000
TCAP13C1901A,20190108,0.19,0.19,0.18,0.19,1844600
THAI01C1901A,20190108,0.04,0.05,0.04,0.05,44100
THAI01P1901A,20190108,0.74,0.74,0.72,0.72,842000
THAI11C1906A,20190108,0.16,0.16,0.16,0.16,210400
THAI13C1902A,20190108,0.04,0.04,0.04,0.04,40000
THAI13C1906A,20190108,0.32,0.33,0.31,0.33,2227700
THAI19C1905A,20190108,0.28,0.28,0.27,0.27,300000
THAI23C1901A,20190108,0.01,0.01,0.01,0.01,300
THAI27C1905A,20190108,0.17,0.17,0.17,0.17,120000
THAN08C1904A,20190108,0.11,0.11,0.11,0.11,75400
THAN13C1902A,20190108,0.08,0.08,0.08,0.08,3800
THAN13C1905A,20190108,0.34,0.34,0.33,0.33,492200
THAN19C1903A,20190108,0.24,0.24,0.23,0.23,700000
TISC01C1902A,20190108,0.59,0.6,0.57,0.57,1783800
TISC01C1902B,20190108,0.25,0.25,0.24,0.24,1783800
TISC08C1903A,20190108,0.26,0.26,0.25,0.26,1254600
TISC11C1903A,20190108,0.03,0.03,0.03,0.03,10000
TISC11C1910A,20190108,0.74,0.75,0.74,0.74,1451000
TISC13C1904A,20190108,0.45,0.45,0.44,0.45,3499600
TISC19C1906A,20190108,0.75,0.76,0.75,0.75,778000
TISC27C1905A,20190108,0.51,0.51,0.51,0.51,585000
TISC28C1905A,20190108,0.46,0.46,0.45,0.46,4760000
TISC42C1904A,20190108,0.27,0.28,0.27,0.28,607200
TKN01C1901A,20190108,0.01,0.01,0.01,0.01,190900
TKN01C1901B,20190108,0.01,0.01,0.01,0.01,136200
TKN01C1906A,20190108,0.64,0.65,0.62,0.63,6225100
TKN01C1906B,20190108,0.54,0.56,0.51,0.53,7717300
TKN13C1904A,20190108,0.02,0.02,0.01,0.02,101100
TKN13C1904B,20190108,0.18,0.18,0.17,0.17,4022400
TKN13C1905A,20190108,0.08,0.08,0.07,0.07,270200
TKN19C1905A,20190108,0.13,0.13,0.12,0.12,90300
TKN28C1906A,20190108,0.3,0.31,0.28,0.29,4853600
TMB01C1903A,20190108,0.16,0.16,0.16,0.16,4540000
TMB01P1903A,20190108,0.42,0.42,0.42,0.42,50000
TMB06C1902A,20190108,0.15,0.15,0.02,0.02,3800
TMB06C1903A,20190108,0.11,0.12,0.11,0.12,556600
TMB13C1901A,20190108,0.02,0.02,0.02,0.02,245200
TMB19C1906A,20190108,0.21,0.21,0.21,0.21,780000
TMB23C1906A,20190108,0.16,0.16,0.16,0.16,100
TMB27C1903A,20190108,0.16,0.16,0.16,0.16,240000
TMB28C1904A,20190108,0.1,0.1,0.1,0.1,3903200
TOA01C1901A,20190108,0.08,0.08,0.08,0.08,1200000
TOA01C1907A,20190108,0.36,0.37,0.36,0.37,3170400
TOA01C1907B,20190108,0.3,0.32,0.3,0.32,2892000
TOA19C1906A,20190108,0.27,0.29,0.27,0.29,1263700
TOA24C1904A,20190108,0.15,0.15,0.15,0.15,400000
TOA28C1904A,20190108,0.13,0.14,0.13,0.14,1216800
TOP01C1901A,20190108,0.53,0.53,0.49,0.53,7491300
TOP01C1904A,20190108,0.16,0.16,0.14,0.15,4790800
TOP01C1904B,20190108,0.06,0.06,0.05,0.06,1261000
TOP01P1901A,20190108,0.49,0.54,0.48,0.48,10084900
TOP01P1904A,20190108,1.9,1.99,1.9,1.9,2026700
TOP06C1903A,20190108,0.17,0.19,0.17,0.18,126500
TOP07C1908A,20190108,0.32,0.32,0.32,0.32,8000
TOP11C1905A,20190108,0.22,0.23,0.22,0.23,366000
TOP13C1904A,20190108,0.23,0.23,0.22,0.23,14544200
TOP13C1905A,20190108,0.61,0.61,0.56,0.6,31347800
TOP19C1906A,20190108,0.44,0.47,0.44,0.47,3008500
TOP23C1906A,20190108,0.28,0.28,0.27,0.28,1302100
TOP24C1905A,20190108,0.32,0.32,0.31,0.31,70000
TOP28C1904A,20190108,0.17,0.17,0.16,0.17,4543800
TPI01C1906A,20190108,0.26,0.26,0.25,0.25,619800
TPI01C1906B,20190108,0.2,0.2,0.19,0.19,671600
TPIP11C1909A,20190108,0.42,0.43,0.42,0.43,182000
TPIP13C1904A,20190108,0.4,0.42,0.4,0.41,4173000
TPIP13C1905A,20190108,0.15,0.15,0.15,0.15,554000
TPIP13C1908A,20190108,0.2,0.21,0.2,0.2,212800
TPIP19C1902A,20190108,0.21,0.22,0.21,0.22,40000
TPIP19C1906A,20190108,0.5,0.51,0.5,0.51,270000
TPIP28C1906A,20190108,0.41,0.42,0.41,0.42,2605000
TRUE01C1902A,20190108,0.16,0.17,0.15,0.16,8157300
TRUE01C1902B,20190108,0.04,0.05,0.04,0.05,50000
TRUE01C1905A,20190108,0.19,0.19,0.18,0.19,5460800
TRUE01C1905B,20190108,0.13,0.13,0.12,0.12,1993100
TRUE01P1902A,20190108,0.57,0.59,0.57,0.57,4049200
TRUE01P1902B,20190108,0.32,0.34,0.32,0.32,3571800
TRUE01P1905A,20190108,0.62,0.63,0.62,0.62,3092100
TRUE06C1906A,20190108,0.07,0.07,0.06,0.07,766400
TRUE08P1902A,20190108,0.18,0.19,0.18,0.18,2419000
TRUE13C1905A,20190108,0.12,0.13,0.11,0.13,8497800
TRUE13P1901A,20190108,0.11,0.12,0.11,0.11,10010000
TRUE16C1912A,20190108,0.36,0.37,0.36,0.37,240000
TRUE19C1901A,20190108,0.01,0.01,0.01,0.01,100
TRUE19C1903A,20190108,0.17,0.18,0.16,0.17,2857600
TRUE19P1903A,20190108,0.25,0.26,0.25,0.25,1298700
TRUE27C1904A,20190108,0.08,0.08,0.08,0.08,120000
TRUE28C1905A,20190108,0.13,0.13,0.13,0.13,3191600
TTA08C1906A,20190108,0.03,0.03,0.03,0.03,300
TU01C1901A,20190108,0.39,0.4,0.39,0.4,3980100
TU01C1901B,20190108,0.2,0.22,0.2,0.22,8537500
TU01P1901A,20190108,0.1,0.11,0.09,0.1,7548100
TU11C1902A,20190108,0.01,0.01,0.01,0.01,317400
TU11C1906A,20190108,0.08,0.08,0.08,0.08,225000
TU13C1902A,20190108,0.05,0.05,0.05,0.05,19200
TU19C1901A,20190108,0.01,0.02,0.01,0.02,4195200
TU19C1906A,20190108,0.3,0.31,0.3,0.31,1525700
TU24C1904A,20190108,0.17,0.17,0.15,0.15,85000
TVO01C1903A,20190108,0.18,0.18,0.17,0.17,5944200
TVO01C1903B,20190108,0.09,0.09,0.09,0.09,3500000
TVO13C1904A,20190108,0.12,0.12,0.12,0.12,387600
TVO19C1902A,20190108,0.03,0.03,0.03,0.03,1000000
TVO19C1906A,20190108,0.28,0.28,0.27,0.27,290200
UNIQ08C1906A,20190108,0.03,0.04,0.03,0.04,1517900
UNIQ23C1901A,20190108,0.01,0.01,0.01,0.01,400
UV01C1902A,20190108,0.13,0.13,0.13,0.13,1757400
UV13C1904A,20190108,0.1,0.1,0.1,0.1,2956300
UV13C1908A,20190108,0.31,0.32,0.31,0.32,12622700
UV19C1902A,20190108,0.04,0.04,0.04,0.04,20000
UV19C1906A,20190108,0.31,0.32,0.3,0.32,1345800
UV24C1903A,20190108,0.16,0.16,0.16,0.16,1200
UV28C1906A,20190108,0.23,0.24,0.22,0.24,5256000
VGI23C1905A,20190108,1.41,1.41,1.41,1.41,1000000
VGI23C1911A,20190108,1.38,1.38,1.38,1.38,1000000
WHA01C1906A,20190108,0.59,0.6,0.59,0.59,6091200
WHA01C1906B,20190108,0.46,0.47,0.46,0.46,8471100
WHA01P1906A,20190108,0.56,0.57,0.56,0.56,11933800
WHA06C1903A,20190108,0.3,0.31,0.3,0.31,1172000
WHA08C1904A,20190108,0.22,0.22,0.22,0.22,2902200
WHA11C1903A,20190108,0.1,0.1,0.1,0.1,1915200
WHA13C1905A,20190108,0.4,0.41,0.4,0.4,11823500
WHA19C1901A,20190108,0.26,0.28,0.25,0.28,5297400
WHA23C1906A,20190108,0.34,0.35,0.34,0.34,10500000
WHA24C1902A,20190108,0.19,0.2,0.19,0.19,16000
WHA27P1905A,20190108,0.4,0.4,0.4,0.4,280000
WHA28C1903A,20190108,0.14,0.14,0.13,0.14,3379300
WHAU13C1905A,20190108,0.2,0.21,0.2,0.21,5344600
WORK01C1904A,20190108,0.03,0.03,0.03,0.03,750100
WORK11C1903A,20190108,0.01,0.01,0.01,0.01,16000
WORK13C1905A,20190108,0.56,0.61,0.55,0.6,3986400
WORK19C1905A,20190108,0.11,0.11,0.11,0.11,405600
E1VFVN3001,20190108,19.5,19.5,19.3,19.4,87842
2S-W1,20190108,0.03,0.03,0.02,0.03,470500
ACAP-W2,20190108,0.33,0.37,0.31,0.35,13381600
AIRA-W2,20190108,0.01,0.01,0.01,0.01,10200
AJA-W1,20190108,0.07,0.08,0.06,0.07,1342600
ALT-W1,20190108,0.66,0.67,0.64,0.65,30900
APEX-W1,20190108,0.03,0.03,0.03,0.03,9500
APURE-W2,20190108,0.17,0.17,0.17,0.17,4700
AS-W1,20190108,0.12,0.12,0.09,0.12,13100
ATP30-W1,20190108,0.63,0.63,0.61,0.63,31100
AYUD-W1,20190108,3.86,4.12,3.78,3.98,6432800
B-W4,20190108,0.08,0.08,0.08,0.08,300000
BKD-W2,20190108,0.18,0.19,0.17,0.18,1184400
BM-W1,20190108,0.36,0.36,0.31,0.33,46800
BTS-W4,20190108,0.41,0.42,0.4,0.4,20979000
BWG-W4,20190108,0.01,0.02,0.01,0.01,6368400
CGD-W4,20190108,0.26,0.26,0.25,0.25,111400
CGH-W3,20190108,0.05,0.05,0.03,0.04,141000
CHEWA-W1,20190108,0.11,0.12,0.11,0.12,5200
CI-W1,20190108,0.12,0.14,0.11,0.12,3900
CKP-W1,20190108,0.56,0.56,0.54,0.55,4185100
CRANE-W1,20190108,0.92,1,0.85,1,11300
DCC-W1,20190108,0.74,0.75,0.73,0.73,2025200
DCON-W1,20190108,2.12,2.12,2.12,2.12,2000
DIGI-W1,20190108,0.01,0.02,0.01,0.02,50100
DIGI-W2,20190108,0.02,0.02,0.01,0.01,4500
DIMET-W2,20190108,0.06,0.07,0.06,0.07,3613200
ECF-W2,20190108,0.03,0.05,0.02,0.05,2054400
ECF-W3,20190108,0.74,0.85,0.72,0.8,523400
EFORL-W3,20190108,0.01,0.01,0.01,0.01,1735900
EMC-W6,20190108,0.18,0.19,0.18,0.19,1072600
EVER-W3,20190108,0.04,0.04,0.03,0.03,281800
FOCUS-W2,20190108,0.5,0.58,0.5,0.52,2288900
FVC-W2,20190108,0.3,0.33,0.3,0.3,1146900
IHL-W1,20190108,4.3,4.3,4.3,4.3,5200
ITD-W1,20190108,0.03,0.04,0.02,0.02,45700200
ITEL-W1,20190108,0.42,0.42,0.41,0.41,241000
JAS-W3,20190108,1.73,1.73,1.6,1.68,1386300
JCK-W5,20190108,0.45,0.48,0.45,0.48,5100
JKN-W1,20190108,1.71,1.72,1.6,1.61,2383600
JMART-W2,20190108,0.33,0.33,0.25,0.28,8699500
JMT-W2,20190108,1.93,1.95,1.92,1.95,10300
LIT-W1,20190108,1.46,1.46,1.39,1.44,23400
MACO-W2,20190108,0.2,0.2,0.19,0.19,7035900
META-W2,20190108,0.01,0.01,0.01,0.01,229500
META-W3,20190108,0.07,0.08,0.07,0.07,142300
MILL-W3,20190108,0.01,0.02,0.01,0.01,420100
MILL-W4,20190108,0.14,0.14,0.14,0.14,200
MILL-W5,20190108,0.09,0.11,0.09,0.11,31500
ML-W2,20190108,0.01,0.01,0.01,0.01,100
MONO-W1,20190108,0.29,0.31,0.28,0.3,4587300
NCL-W3,20190108,0.26,0.29,0.25,0.26,388800
NOK-W1,20190108,0.27,0.29,0.25,0.29,15500
NUSA-W3,20190108,0.25,0.26,0.23,0.23,511300
NVD-W1,20190108,0.35,0.37,0.33,0.33,10291200
ORI-W1,20190108,0.62,0.63,0.6,0.61,4136800
PACE-W2,20190108,0.08,0.09,0.08,0.09,173000
PDI-W1,20190108,0.91,0.94,0.89,0.91,4529400
PDJ-W2,20190108,1,1.04,1,1,65400
PDJ-W3,20190108,0.94,0.95,0.93,0.95,14600
PDJ-W4,20190108,0.94,0.95,0.94,0.95,13700
PIMO-W1,20190108,2.62,2.62,2.36,2.4,572100
RICHY-W1,20190108,0.12,0.12,0.11,0.12,268300
RICHY-W2,20190108,0.13,0.15,0.12,0.13,133600
RS-W3,20190108,5.1,5.45,5.1,5.45,1137400
S-W1,20190108,0.03,0.04,0.03,0.03,1622500
SAMART-W2,20190108,0.38,0.42,0.37,0.38,1649500
SANKO-W1,20190108,0.25,0.28,0.25,0.26,7338800
SAWAD-W1,20190108,7.25,7.25,7.15,7.25,14100
SDC-W1,20190108,0.14,0.15,0.14,0.15,1100
SIMAT-W2,20190108,0.12,0.12,0.12,0.12,10000
SIMAT-W3,20190108,0.19,0.2,0.19,0.2,32500
SIMAT-W4,20190108,0.75,0.77,0.75,0.77,6800
SKY-W1,20190108,11.6,11.6,11.6,11.6,5000
SMT-W2,20190108,0.38,0.38,0.36,0.37,3400
SST-W2,20190108,1.72,1.84,1.72,1.78,4421500
STAR-W3,20190108,0.96,0.97,0.95,0.96,209600
SUPER-W4,20190108,0.05,0.05,0.04,0.04,21196400
SUSCO-W1,20190108,0.01,0.01,0.01,0.01,7300
SVI-W3,20190108,1.78,1.83,1.76,1.83,135500
TAKUNI-W,20190108,0.14,0.16,0.13,0.14,234900
TAPAC-W3,20190108,0.53,0.72,0.53,0.62,57709000
TCC-W3,20190108,0.16,0.16,0.15,0.15,1113300
TCC-W4,20190108,0.16,0.16,0.16,0.16,309900
TCC-W5,20190108,0.3,0.3,0.28,0.3,40200
TCJ-W2,20190108,0.51,0.54,0.51,0.53,24100
TCMC-W2,20190108,0.06,0.07,0.06,0.06,1196900
TFG-W2,20190108,0.3,0.3,0.29,0.29,120000
TH-W2,20190108,0.19,0.2,0.16,0.16,873200
THE-W2,20190108,0.03,0.03,0.02,0.03,32600
TNITY-W1,20190108,0.7,0.7,0.7,0.7,22500
TNPC-W1,20190108,0.14,0.15,0.13,0.14,185200
TRITN-W3,20190108,0.21,0.23,0.21,0.23,1022900
TSF-W5,20190108,0.01,0.01,0.01,0.01,1000000
TTA-W5,20190108,0.01,0.01,0.01,0.01,10800
TTCL-W1,20190108,0.84,0.88,0.83,0.83,2214700
TVD-W2,20190108,0.62,0.64,0.62,0.63,62400
U-W4,20190108,0.01,0.01,0.01,0.01,40400
UAC-W2,20190108,0.44,0.44,0.43,0.44,177000
UKEM-W2,20190108,0.39,0.48,0.39,0.41,2192200
UWC-W2,20190108,0.01,0.01,0.01,0.01,100
VGI-W2,20190108,0.39,0.39,0.37,0.38,8019300
VIBHA-W2,20190108,1.05,1.05,1.05,1.05,2200
VIBHA-W3,20190108,0.18,0.18,0.16,0.16,254400
WAVE-W1,20190108,0.32,0.32,0.3,0.31,407000
WHA-W1,20190108,7.35,7.45,7.3,7.4,164500
XO-W1,20190108,6.9,6.9,6.35,6.45,29500
!AGRO,20190108,381.95,383.33,379.42,382.47,153399646
!CONSUMP,20190108,107.48,107.55,106.62,106.85,66713752
!FINCIAL,20190108,190.38,190.81,189.49,190.43,173387779
!INDUS,20190108,130.93,131.76,130.26,131.13,122740744
!PROPCON,20190108,130.98,131.01,130.41,130.75,390409275
!RESOURC,20190108,210.72,211.66,209.04,210.55,401106973
!SERVICE,20190108,491.72,493.47,489.48,491.02,570446076
!TECH,20190108,152.65,153.76,152.13,153.22,114330448
$AGRI,20190108,183.96,187.17,181.86,184.39,77058474
$AUTO,20190108,472.43,474.35,471.21,473.42,2853743
$BANK,20190108,519.44,520.33,516.66,519.05,89290019
$COMM,20190108,39864.5,39937.1,39573.7,39691.4,256634457
$CONMAT,20190108,10720.1,10720.1,10627.6,10660.3,23524289
$CONS,20190108,88.06,88.09,87.06,87.22,39240254
$ENERG,20190108,24026.3,24133,23834.6,24006.7,400523973
$ETRON,20190108,1489.02,1495.89,1481.77,1490.68,12460964
$FASHION,20190108,724.73,726.75,718.65,719.17,1537238
$FIN,20190108,3574.48,3598.46,3555.43,3589.54,79468447
$FOOD,20190108,10907.7,10946.8,10831,10921.6,76341172
$HELTH,20190108,5692.35,5734.78,5626.61,5664.32,89732492
$HOME,20190108,27.21,27.25,27.01,27.16,62095511
$ICT,20190108,144.98,146.16,144.42,145.56,101869484
$IMM,20190108,45.98,46.43,45.95,46.24,48959360
$INSUR,20190108,11350.7,11401.2,11287.1,11401.2,4629313
$MEDIA,20190108,48.1,48.37,48.01,48.16,80256573
$MINE,20190108,10.05,10.39,10.05,10.3,583000
$PAPER,20190108,2714.67,2770.93,2714.67,2742.8,251000
$PERSON,20190108,231.86,232.24,228.83,231.12,3081003
$PETRO,20190108,1293.13,1304.92,1285.45,1295.04,34440254
$PF&REIT,20190108,204.21,204.46,203.72,204.46,4579396
$PKG,20190108,3257.76,3276.74,3226.35,3261.65,9371205
$PROF,20190108,144.04,146.94,143.87,146.94,27704399
$PROP,20190108,281.91,282.85,280.82,282.23,323065336
$STEEL,20190108,30.17,30.23,29.94,30.14,26865182
$TOURISM,20190108,626.18,633.58,625.47,629.44,6928438
$TRANS,20190108,365.84,369.04,364.55,366.77,109189717
MAI,20190108,359.78,360.66,358.98,360.38,452905815
SET,20190108,1594.47,1597.35,1587.47,1594,10794047354
SET100,20190108,2345.34,2350.02,2332.97,2343.15,1346007852
SET50,20190108,1067.89,1070.39,1062.44,1067.2,797261862
SETHD,20190108,1201.55,1203.6,1193.96,1199.62,345521953
AOT-F,20190108,64.5,65,64.5,64.75,54600
BBL-F,20190108,213,215,212,213,433000
BDMS-F,20190108,25,25,24.4,24.6,585900
CPALL-F,20190108,72.5,72.75,72.5,72.5,34900
HMPRO-F,20190108,14.8,14.9,14.8,14.9,264400
KBANK-F,20190108,187.5,188,186,186,1696200
KTB-F,20190108,19.7,19.9,19.7,19.9,293100
AMAT28C1906A,20190108,0.52,0.54,0.51,0.54,4295400
BCPG28C1906A,20190108,0.37,0.38,0.37,0.38,2306100
BEAU24C1907A,20190108,0.67,0.67,0.62,0.62,235500
BJC24C1906A,20190108,0.32,0.33,0.3,0.33,159000
BPP13C1906A,20190108,0.36,0.36,0.35,0.36,16181400
CHG24C1907A,20190108,0.46,0.46,0.42,0.42,43000
CPAL24P1909A,20190108,0.43,0.43,0.43,0.43,301000
ESSO24C1907A,20190108,0.41,0.41,0.39,0.41,400700
ESSO28C1906A,20190108,0.27,0.29,0.27,0.28,3278600
GULF28C1906A,20190108,0.82,0.93,0.8,0.9,24690500
GUNK24C1909A,20190108,0.49,0.49,0.47,0.47,300600
GUNK28C1906A,20190108,0.31,0.31,0.29,0.3,1841400
IRPC13C1906A,20190108,0.23,0.25,0.23,0.25,21712600
KKP13C1906A,20190108,0.5,0.5,0.5,0.5,6616400
LH24C1906A,20190108,0.37,0.37,0.37,0.37,700
MINT24C1908A,20190108,0.34,0.34,0.34,0.34,500
NFC-W1,20190108,1.8,3.06,1.75,2.58,22250000
S5028C1903C,20190108,0.92,0.94,0.87,0.92,96782200
SAAM,20190108,1.56,1.72,1.52,1.7,91897500
SCB24C1905A,20190108,0.44,0.44,0.44,0.44,300000
SCC24P1909A,20190108,0.45,0.45,0.45,0.45,7200
SETCLMV,20190108,969.74,970.32,962.13,967.53,305183834
SETTHSI,20190108,1026.98,1029.47,1021.62,1026.42,619298071
SGP28C1906A,20190108,0.44,0.49,0.43,0.49,6829600
STA13C1906A,20190108,0.36,0.41,0.32,0.33,67370900
THAI28C1906A,20190108,0.3,0.3,0.29,0.29,122100
TOP28C1906A,20190108,0.56,0.59,0.56,0.59,9330000
WHA28C1906A,20190108,0.38,0.38,0.38,0.38,3436400
